Fund,Category,Asset Class,Launch Date,TER,CAGR Since Inception,1 Year CAGR,3 Years CAGR,5 Years CAGR,10 Years CAGR,Alpha,Beta,Standard Deviation,Sharpe Ratio,Small Cap,Mid Cap,Large Cap,Others
Equity: Contra
SBI-Contra-Fund-Regular-Plan-Growth,Equity: Contra,Equity,14-07-1999,1.68%,16.64,26.05,34.75,22.45,17.98,14.64,0.89,14.56,1.92,13.98%,24.86%,35.11%,26.03%
Kotak-India-EQ-Contra-Fund-Growth,Equity: Contra,Equity,27-07-2005,2.05%,13.8,21.26,22.28,16.9,16.11,3.84,0.93,13.85,1.28,10.36%,25.22%,60.28%,4.14%
Invesco-India-Contra-Fund-Growth,Equity: Contra,Equity,11-04-2007,1.71%,14.41,15.94,19.63,15.64,18.91,2.06,0.92,13.89,1.14,10.0%,17.73%,63.6%,8.67%
Equity: Dividend Yield
Aditya-Birla-Sun-Life-Dividend-Yield-Fund-Growth-Regular-Plan,Equity: Dividend Yield,Equity,26-02-2003,2.33%,18.58,27.95,25.93,17.16,14.81,5.74,0.84,13.99,1.4,31.55%,14.71%,39.28%,14.45%
HDFC-Dividend-Yield-Fund-Growth-Plan,Equity: Dividend Yield,Equity,02-12-2020,1.87%,24.53,24.15,0.0,0.0,0.0,,,,,19.57%,13.0%,65.56%,1.87%
ICICI-Prudential-Dividend-Yield-Equity-Fund-Growth-Option,Equity: Dividend Yield,Equity,05-05-2014,1.98%,14.6,24.08,32.14,17.49,0.0,9.93,0.94,14.63,1.74,11.19%,10.86%,69.68%,8.2%
UTI-Dividend-Yield-Fund-Growth,Equity: Dividend Yield,Equity,03-05-2005,2.04%,14.61,21.36,21.05,15.05,14.38,1.89,0.85,13.67,1.16,15.41%,15.45%,65.77%,3.37%
LIC-MF-Dividend-Yield-Fund-Regular-Plan-Growth,Equity: Dividend Yield,,17-12-2018,2.49%,15.92,18.13,18.91,0.0,0.0,0.11,0.83,12.71,1.08,15.84%,14.64%,65.86%,3.66%
Templeton-India-Equity-Income-Fund-Growth-Plan,Equity: Dividend Yield,Equity,18-05-2006,2.2%,14.19,18.1,26.81,18.26,15.88,8.66,0.71,12.34,1.65,9.67%,10.53%,50.48%,29.33%
SBI-Dividend-Yield-Fund-Regular-Plan-Growth,Equity: Dividend Yield,,14-03-2023,1.88%,16.91,0.0,0.0,0.0,0.0,,,,,4.01%,20.26%,64.34%,11.39%
Equity: ELSS
Motilal-Oswal-ELSS-Tax-Saver-Fund-Regular-Plan-Growth-Option,Equity: ELSS,Equity,05-01-2015,1.93%,14.89,26.02,22.53,16.27,0.0,2.65,0.93,14.77,1.23,22.17%,19.6%,49.34%,8.89%
SBI-Long-Term-Equity-Fund-Regular-Plan-Growth,Equity: ELSS,Equity,31-03-1993,1.69%,11.74,25.8,25.12,17.17,16.07,4.9,0.89,13.65,1.44,14.46%,21.96%,55.68%,7.9%
ITI-ELSS-Tax-Saver-Fund-Regular-Plan-Growth-Option,Equity: ELSS,Equity,18-10-2019,2.3%,15.16,23.2,18.24,0.0,0.0,-0.51,0.82,13.31,0.98,21.91%,19.43%,45.82%,12.84%
WhiteOak-Capital-ELSS-Tax-Saver-Fund-Regular-Plan-Growth,Equity: ELSS,,14-10-2022,2.31%,20.18,19.66,0.0,0.0,0.0,,,,,24.52%,18.82%,49.11%,7.55%
HDFC-ELSS-Tax-saver-Growth-Plan,Equity: ELSS,Equity,05-03-1996,1.75%,21.65,18.72,25.05,14.65,15.03,6.22,0.85,12.75,1.59,1.99%,8.15%,80.06%,9.8%
Invesco-India-ELSS-Tax-Saver-Fund-Growth,Equity: ELSS,Equity,29-12-2006,1.97%,14.2,18.55,17.39,14.46,16.67,-2.0,0.93,14.35,0.94,20.46%,12.53%,61.98%,5.03%
BANDHAN-ELSS-Tax-Saver-Fund-Regular-Plan-Growth,Equity: ELSS,Equity,26-12-2008,1.79%,18.16,18.07,26.41,17.61,17.64,6.1,0.98,15.5,1.44,17.91%,14.01%,61.57%,6.51%
Franklin-India-Taxshield-Growth,Equity: ELSS,Equity,05-04-1999,1.85%,20.96,17.74,22.89,15.05,16.12,3.65,0.99,15.18,1.32,9.99%,11.62%,68.75%,9.65%
HSBC-ELSS-Tax-saver-Fund-Regular-Growth,Equity: ELSS,,01-01-2013,1.94%,13.49,17.32,17.55,12.06,14.7,-1.45,0.89,13.97,0.95,14.1%,25.04%,57.98%,2.88%
BARODA-BNP-PARIBAS-ELSS-Fund-Regular-Growth-Option,Equity: ELSS,,01-01-2013,2.32%,12.83,17.22,0.0,0.0,0.0,-1.65,0.85,12.93,0.97,17.65%,14.66%,61.18%,6.51%
LIC-MF-ELSS-Tax-Saver-Regular-Plan-Growth,Equity: ELSS,Equity,31-03-1997,2.24%,9.64,15.95,16.73,13.23,14.22,-1.38,0.9,13.71,0.99,11.91%,19.1%,63.6%,5.42%
Nippon-India-Tax-Saver-ELSS-Fund-Growth-Plan-Growth-Option,Equity: ELSS,Equity,05-09-2005,1.72%,13.15,15.45,22.84,11.64,15.41,2.8,1.01,15.23,1.28,12.65%,17.69%,65.76%,3.9%
Quant-Tax-Plan-Growth-Option-Regular-Plan,Equity: ELSS,Equity,01-04-2000,1.85%,15.26,15.2,33.39,25.89,24.03,9.89,0.93,17.11,1.47,6.43%,20.27%,68.18%,5.09%
Kotak-Tax-Saver-Scheme-Growth,Equity: ELSS,Equity,01-11-2005,1.8%,12.84,15.09,20.8,16.77,17.2,2.88,0.83,12.63,1.32,9.49%,19.2%,70.13%,1.18%
HSBC-Tax-Saver-Equity-Fund-Growth,Equity: ELSS,Equity,05-01-2007,2.45%,11.85,14.57,18.74,14.03,15.06,-1.11,0.99,14.83,1.03,21.94%,12.83%,62.08%,3.15%
Mirae-Asset-Tax-Saver-Fund-Regular-Plan-Growth,Equity: ELSS,Equity,02-12-2015,1.61%,17.67,14.3,18.86,17.14,0.0,0.48,0.92,13.73,1.14,11.08%,21.09%,66.86%,0.99%
Mahindra-Manulife-ELSS-Fund-Regular-Plan-Growth,Equity: ELSS,Equity,05-10-2016,2.26%,11.9,14.24,21.83,15.1,0.0,1.99,0.96,14.52,1.24,15.6%,22.38%,59.8%,2.22%
ICICI-Prudential-ELSS-Tax-Saver-Fund-Growth,Equity: ELSS,Equity,19-08-1999,1.75%,19.09,13.1,19.85,14.25,15.59,0.67,0.96,14.56,1.14,12.31%,11.53%,69.51%,6.64%
Edelweiss-Long-Term-Equity-Fund-Tax-Savings-Regular-Plan-Growth-Option,Equity: ELSS,Equity,30-12-2008,2.33%,15.22,12.96,17.44,13.71,13.86,-0.83,0.91,13.82,1.02,6.38%,15.69%,73.97%,3.96%
UTI-ELSS-Tax-Saver-Fund-Regular-Plan-Growth-Option,Equity: ELSS,Equity,01-08-2005,1.91%,11.74,12.41,17.14,14.77,14.36,-1.14,0.94,14.37,1.0,9.7%,20.79%,67.98%,1.53%
Axis-Long-Term-Equity-Fund-Regular-Plan-Growth,Equity: ELSS,Equity,05-12-2009,1.55%,15.51,11.89,11.47,12.34,16.47,-9.07,1.13,17.93,0.54,1.26%,22.68%,73.87%,2.19%
CANARA-ROBECO-ELSS-TAX-SAVER-REGULAR-PLAN-GROWTH-OPTION,Equity: ELSS,Equity,05-02-2009,1.74%,18.79,11.84,18.94,17.2,16.19,-2.23,0.99,15.31,0.29,7.91%,15.51%,69.83%,6.75%
Aditya-Birla-Sun-Life-ELSS-Tax-Relief-96-Growth-Option,Equity: ELSS,Equity,29-03-1996,1.7%,10.09,9.11,10.19,8.59,14.22,0.44,0.98,,1.22,11.58%,20.6%,61.49%,6.37%
Samco-ELSS-Tax-Saver-Fund-Regular-Plan-Growth-Option,Equity: ELSS,,05-12-2022,2.34%,24.93,0.0,0.0,0.0,0.0,,,,,34.75%,44.35%,,20.9%
Equity: Flexi Cap
Invesco-India-Flexi-Cap-Fund-Growth,Equity: Flexi Cap,,14-02-2022,2.15%,15.74,21.41,0.0,0.0,0.0,,,,,16.27%,14.0%,61.24%,8.49%
Nippon-India-Flexi-Cap-Fund-Regular-Plan-Growth-Plan-Growth-Option,Equity: Flexi Cap,,05-08-2021,1.84%,12.32,21.35,0.0,0.0,0.0,,,,,18.95%,13.36%,61.76%,5.93%
HSBC-Flexi-Cap-Fund-Regular-Growth,Equity: Flexi Cap,Equity,24-02-2004,1.98%,14.96,20.12,18.9,13.93,15.16,0.86,0.83,12.47,1.17,19.71%,12.25%,67.13%,0.91%
Motilal-Oswal-Flexi-Cap-Fund-Regular-Plan-Growth-Option,Equity: Flexi Cap,Equity,08-04-2014,1.79%,15.97,19.49,13.64,10.89,0.0,-3.01,0.8,13.32,0.77,9.55%,29.24%,46.38%,14.81%
WhiteOak-Capital-Flexi-Cap-Fund-Regular-Plan-Growth,Equity: Flexi Cap,,05-08-2022,1.96%,19.74,19.49,0.0,0.0,0.0,,,,,20.78%,12.88%,53.64%,12.69%
Mahindra-Manulife-Flexi-Cap-Fund-Regular-Plan-Growth,Equity: Flexi Cap,,23-08-2021,2.14%,10.11,18.05,0.0,0.0,0.0,,,,,16.79%,18.16%,60.5%,4.55%
HDFC-Flexi-Cap-Fund-Growth-Plan,Equity: Flexi Cap,Equity,01-01-1995,1.59%,18.54,17.89,28.37,16.98,17.01,7.59,1.03,16.26,1.51,2.66%,5.27%,76.79%,15.28%
Franklin-India-Flexi-Cap-Fund-Growth,Equity: Flexi Cap,Equity,29-09-1994,1.79%,17.85,17.58,23.94,16.37,16.87,4.93,0.95,14.74,1.4,9.85%,11.33%,66.96%,11.86%
LIC-MF-Flexi-Cap-Fund-Regular-Plan-Growth,Equity: Flexi Cap,Equity,15-04-1993,2.37%,6.94,17.04,14.56,12.34,11.06,-1.45,0.9,13.69,0.98,22.82%,11.83%,54.77%,10.6%
ICICI-Prudential-Flexicap-Fund-Growth,Equity: Flexi Cap,,05-07-2021,1.72%,14.81,16.95,0.0,0.0,0.0,,,,,9.23%,9.04%,75.24%,6.51%
Baroda-BNP-Paribas-Flexi-Cap-Fund-Regular-Plan-Growth-Option,Equity: Flexi Cap,,10-08-2022,2.15%,15.98,16.82,0.0,0.0,0.0,,,,,19.76%,20.64%,52.0%,7.57%
Samco-Flexi-Cap-Fund-Regular-Plan-Growth-Option,Equity: Flexi Cap,,05-02-2022,2.27%,5.82,16.37,0.0,0.0,0.0,,,,,6.56%,31.78%,47.8%,13.86%
quant-Flexi-Cap-Fund-Growth-Option-Regular-Plan,Equity: Flexi Cap,Equity,01-09-2008,2.02%,14.04,15.16,32.41,23.66,22.64,8.73,0.97,17.72,1.4,21.41%,6.16%,38.31%,34.14%
Edelweiss-Flexi-Cap-Fund-Regular-Plan-Growth-Option,Equity: Flexi Cap,Equity,05-01-2015,2.09%,12.08,14.45,19.44,14.88,0.0,0.24,0.94,14.4,1.1,4.76%,18.79%,73.67%,2.78%
Aditya-Birla-Sun-Life-Flexi-Cap-Fund-Growth-Regular-Plan,Equity: Flexi Cap,Equity,14-08-1998,1.71%,21.31,13.62,17.34,13.59,16.84,-1.43,0.96,14.47,1.0,11.56%,15.73%,70.65%,2.08%
Kotak-Flexicap-Fund-Growth,Equity: Flexi Cap,Equity,05-09-2009,1.53%,13.75,13.25,16.76,13.86,16.56,-1.17,0.9,13.54,1.02,1.84%,24.3%,72.22%,1.65%
BANDHAN-Flexi-Cap-Fund-Regular-Plan-Growth,Equity: Flexi Cap,Equity,14-09-2005,1.89%,16.45,13.15,17.67,12.45,15.09,-0.4,0.86,13.39,1.03,11.39%,18.35%,66.3%,3.96%
SBI-Flexicap-Fund-REGULAR-PLAN-Growth-Option,Equity: Flexi Cap,Equity,05-09-2005,1.69%,12.64,12.68,17.8,14.14,16.71,0.01,0.89,13.5,1.1,7.93%,22.28%,61.06%,8.74%
Canara-Robeco-Flexicap-Fund-Regular-Plan-Growth-Option,Equity: Flexi Cap,Equity,05-09-2003,1.72%,17.38,11.39,16.58,15.47,14.91,-1.75,0.89,13.34,0.97,3.28%,16.77%,75.13%,4.83%
Axis-Flexi-Cap-Fund-Regular-Plan-Growth,Equity: Flexi Cap,Equity,10-11-2017,1.75%,12.04,8.27,12.66,13.46,0.0,-5.97,0.98,15.39,0.67,13.49%,7.82%,72.89%,5.78%
UTI-Flexi-Cap-Fund-Growth-Option,Equity: Flexi Cap,Equity,05-08-2005,1.64%,14.54,7.81,13.16,14.59,15.04,-5.54,0.99,15.76,0.69,11.04%,24.81%,59.31%,4.85%
ITI-Flexi-Cap-Fund-Regular-Plan-Growth,Equity: Flexi Cap,,17-02-2023,2.34%,28.74,0.0,0.0,0.0,0.0,,,,,32.72%,19.0%,39.36%,8.91%
Mirae-Asset-Flexi-Cap-Fund-Regular-Plan-Growth,Equity: Flexi Cap,,10-02-2023,2.14%,18.3,0.0,0.0,0.0,0.0,,,,,11.11%,17.5%,68.85%,2.56%
Equity: Focused
Invesco-India-Focused-20-Equity-Fund-Growth,Equity: Focused,Equity,08-09-2020,2.06%,20.97,19.11,19.88,0.0,0.0,0.05,0.84,13.55,1.03,24.87%,15.13%,47.08%,12.92%
HDFC-Focused-30-Fund-GROWTH-PLAN,Equity: Focused,Equity,05-09-2004,1.79%,15.49,18.1,29.4,16.5,15.99,9.61,0.9,14.71,1.67,0.4%,5.78%,75.33%,18.49%
ICICI-Prudential-Focused-Equity-Fund-Growth,Equity: Focused,Equity,05-05-2009,1.85%,13.4,17.39,24.2,16.19,14.7,3.39,0.92,14.09,1.33,,20.27%,74.49%,5.22%
Mahindra-Manulife-Focused-Fund-Regular-Plan-Growth,Equity: Focused,Equity,01-11-2020,2.2%,24.04,16.21,0.0,0.0,0.0,,,,,8.03%,17.4%,71.12%,3.45%
UTI-Focused-Fund-Regular-Plan-Growth-Option,Equity: Focused,,25-08-2021,1.91%,8.68,15.75,0.0,0.0,0.0,,,,,1.82%,11.58%,85.1%,1.48%
SBI-Focused-Equity-Fund-Regular-Plan-Growth,Equity: Focused,Equity,01-10-2004,1.61%,18.82,15.53,18.72,16.19,17.83,1.22,0.86,14.49,1.06,2.13%,35.07%,46.81%,15.99%
HSBC-Focused-Fund-Regular-Growth,Equity: Focused,Equity,22-07-2020,2.15%,21.5,15.47,18.42,0.0,0.0,-2.45,0.86,13.08,0.9,19.1%,7.58%,69.9%,3.42%
BANDHAN-Focused-Equity-Fund-Regular-Plan-Growth,Equity: Focused,Equity,16-03-2006,2.13%,10.85,15.45,14.05,11.73,12.1,-3.73,0.78,12.58,0.73,26.52%,8.95%,61.92%,2.61%
Quant-Focused-Fund-Growth-Option-Regular-Plan,Equity: Focused,Equity,01-08-2008,2.38%,13.28,15.27,24.19,16.85,19.31,5.72,0.87,15.97,1.18,6.04%,9.43%,40.56%,43.97%
Nippon-India-Focused-Equity-Fund-Growth-Plan-Growth-Option,Equity: Focused,Equity,26-12-2006,1.87%,14.23,14.88,23.92,16.87,19.65,3.32,1.07,17.13,1.23,25.56%,14.34%,53.92%,6.18%
Edelweiss-Focused-Equity-Fund-Regular-Plan-Growth,Equity: Focused,,26-07-2022,2.35%,15.17,14.2,0.0,0.0,0.0,,,,,3.12%,15.3%,78.6%,2.98%
Franklin-India-Focused-Equity-Fund-Growth-Plan,Equity: Focused,Equity,05-07-2007,1.81%,13.69,13.63,23.77,16.53,18.41,4.29,1.03,16.35,1.31,8.76%,11.88%,73.36%,5.99%
BARODA-BNP-PARIBAS-Focused-Fund-Regular-Plan-Growth-Option,Equity: Focused,,06-10-2017,2.36%,13.05,13.6,0.0,0.0,0.0,-2.0,0.89,13.48,0.94,4.72%,31.55%,50.59%,13.14%
Canara-Robeco-Focused-Equity-Fund-Regular-Plan-Growth-Option,Equity: Focused,,05-05-2021,2.02%,14.73,11.81,0.0,0.0,0.0,,,,,2.91%,12.46%,77.49%,7.14%
Motilal-Oswal-Focused-25-Fund-MOF25-Regular-Plan-Growth-Option,Equity: Focused,Equity,05-05-2013,2.09%,13.47,11.59,12.43,13.41,14.23,-3.93,0.91,13.91,0.7,16.38%,17.72%,62.79%,3.11%
Kotak-Focused-Equity-Fund-Regular-plan-Growth-Option,Equity: Focused,Equity,05-07-2019,1.93%,15.6,10.96,17.94,0.0,0.0,-0.32,0.87,13.24,1.07,1.4%,21.41%,72.01%,5.18%
Aditya-Birla-Sun-Life-Focused-Equity-Fund-Growth-Option,Equity: Focused,Equity,05-10-2005,1.86%,13.85,10.94,16.01,13.45,14.47,-0.94,0.95,13.86,0.96,,12.78%,83.53%,3.67%
Mirae-Asset-Focused-Fund-Regular-Plan-Growth,Equity: Focused,Equity,22-05-2019,1.75%,17.24,7.93,15.45,0.0,0.0,-1.7,0.85,13.3,0.93,11.34%,32.28%,56.07%,0.35%
LIC-MF-Focused-30-Equity-Fund-Regular-Plan-Growth,Equity: Focused,,13-11-2017,2.51%,9.22,7.72,15.23,12.39,0.0,-1.24,0.94,13.93,0.92,9.07%,16.25%,66.65%,8.05%
Axis-Focused-25-Fund-Regular-Plan-Growth-Option,Equity: Focused,Equity,02-05-2012,1.71%,13.67,6.24,8.78,10.87,13.7,-11.5,1.12,17.61,0.4,,11.93%,70.1%,17.96%
ITI-Focused-Equity-Fund-Regular-Plan-Growth,Equity: Focused,,19-06-2023,2.34%,11.22,0.0,0.0,0.0,0.0,,,,,26.75%,21.25%,47.06%,4.94%
Equity: Large and Mid Cap
Motilal-Oswal-Large-and-Midcap-Fund-Regular-Plan-Growth,Equity: Large and Mid Cap,Equity,05-10-2019,1.97%,20.55,29.17,25.84,0.0,0.0,6.55,0.91,14.99,1.39,19.45%,35.87%,38.62%,6.04%
HDFC-Large-and-Mid-Cap-Fund-Growth-Option,Equity: Large and Mid Cap,Equity,18-02-1994,1.78%,11.43,24.93,28.82,18.53,14.15,7.76,0.99,15.51,1.51,10.94%,35.33%,47.74%,5.99%
BANDHAN-Core-Equity-Fund-Regular-Plan-Growth,Equity: Large and Mid Cap,Equity,09-08-2005,1.96%,12.89,23.85,24.11,16.31,15.2,5.05,0.88,13.79,1.38,10.7%,36.88%,42.96%,9.46%
UTI-Large-Mid-Cap-Fund-Regular-Plan-Growth-Option,Equity: Large and Mid Cap,Equity,01-08-2005,2.12%,12.89,22.67,25.62,16.12,14.89,6.22,0.95,14.88,1.42,8.02%,38.85%,46.71%,6.4%
Axis-Growth-Opportunities-Fund-Regular-Plan-Growth,Equity: Large and Mid Cap,Equity,10-10-2018,1.73%,18.85,22.14,20.52,18.8,0.0,1.73,0.96,16.28,1.04,4.69%,35.12%,35.83%,24.39%
HSBC-Large-Mid-Cap-Fund-Regular-Growth,Equity: Large and Mid Cap,Equity,03-03-2019,2.04%,15.3,21.75,20.28,0.0,0.0,1.9,0.84,13.43,1.13,26.16%,35.58%,36.48%,1.78%
Invesco-India-Growth-Opportunities-Fund-Growth,Equity: Large and Mid Cap,Equity,09-08-2007,1.88%,12.17,21.52,19.83,15.26,16.21,1.01,0.84,13.27,1.08,14.61%,40.32%,41.21%,3.86%
Mahindra-Manulife-Large-Mid-Cap-Fund-Regular-Plan-Growth,Equity: Large and Mid Cap,Equity,30-12-2019,2.08%,21.0,20.59,25.16,0.0,0.0,4.77,0.94,14.75,1.33,17.53%,37.59%,40.85%,4.03%
Nippon-India-Vision-Fund-Growth-Plan-Growth-Option,Equity: Large and Mid Cap,Equity,05-10-1995,2.04%,17.86,20.01,21.76,14.64,15.16,3.19,0.93,14.05,1.27,,39.38%,56.31%,4.31%
Quant-Large-Mid-Cap-Fund-Growth-Option,Equity: Large and Mid Cap,Equity,11-12-2006,2.15%,13.55,19.66,27.43,19.52,21.18,6.99,0.93,16.11,1.35,,31.56%,37.81%,30.61%
Kotak-Equity-Opportunities-Fund-Growth,Equity: Large and Mid Cap,Equity,05-09-2004,1.66%,18.2,18.93,21.79,17.8,17.3,3.71,0.86,13.1,1.31,7.04%,35.53%,53.11%,4.35%
ICICI-Prudential-Large-Mid-Cap-Fund-Growth,Equity: Large and Mid Cap,Equity,09-07-1998,1.8%,18.21,18.7,27.72,17.53,15.58,8.07,0.94,15.11,1.51,3.15%,35.88%,56.95%,4.02%
Baroda-BNP-Paribas-Large-and-Mid-Cap-Fund-Regular-Plan-Growth-Option,Equity: Large and Mid Cap,Equity,04-09-2020,2.3%,23.56,17.81,21.74,0.0,0.0,1.99,0.93,14.68,1.14,6.44%,42.12%,39.23%,12.22%
Edelweiss-Large-Mid-Cap-Fund-Regular-Plan-Growth-Option,Equity: Large and Mid Cap,Equity,14-06-2007,1.97%,11.98,17.43,21.49,17.09,16.2,2.31,0.92,14.38,1.18,13.27%,36.27%,48.19%,2.27%
Mirae-Asset-Emerging-Bluechip-Fund-Regular-Plan-Growth-Option,Equity: Large and Mid Cap,Equity,05-07-2010,1.59%,19.97,17.26,20.36,18.39,23.39,2.48,0.9,13.79,1.21,9.74%,38.06%,51.84%,0.35%
Franklin-India-Equity-Advantage-Fund-Growth-Plan,Equity: Large and Mid Cap,Equity,05-03-2005,2.06%,15.16,15.82,19.79,13.1,14.55,2.16,0.96,15.21,1.13,1.49%,37.06%,54.07%,7.35%
SBI-Large-MIDCap-Fund-Regular-Plan-Growth,Equity: Large and Mid Cap,Equity,28-02-1993,1.71%,17.38,14.71,24.16,17.07,17.58,5.83,0.89,14.16,1.4,13.26%,42.29%,38.47%,5.94%
Aditya-Birla-Sun-Life-Equity-Advantage-Fund-Regular-Growth,Equity: Large and Mid Cap,Equity,24-02-1995,1.92%,16.19,14.67,15.71,12.81,15.89,-3.15,0.99,15.71,0.8,13.36%,35.27%,47.09%,4.28%
LIC-MF-Large-Mid-Cap-Fund-Regular-Plan-Growth,Equity: Large and Mid Cap,Equity,05-02-2015,2.01%,12.47,13.78,18.06,14.98,0.0,0.23,0.87,13.47,1.03,14.35%,36.37%,39.33%,9.93%
Canara-Robeco-Emerging-Equities-Regular-Plan-Growth-Option,Equity: Large and Mid Cap,Equity,05-03-2005,1.65%,16.89,12.47,18.56,16.2,21.95,0.66,0.91,13.96,1.08,4.93%,35.36%,55.92%,3.79%
Equity: Large Cap
Nippon-India-Large-Cap-Fund-Growth-Plan-Growth-Option,Equity: Large Cap,Equity,08-08-2007,1.71%,12.28,18.56,24.61,14.96,16.74,6.04,1.04,15.5,1.4,5.7%,11.27%,80.27%,2.76%
HDFC-Top-100-Fund-Growth-Option-Regular-Plan,Equity: Large Cap,Equity,01-10-1996,1.69%,17.97,16.56,22.04,13.88,14.84,4.06,1.0,15.12,1.26,,4.81%,90.96%,4.23%
ICICI-Prudential-Bluechip-Fund-Growth,Equity: Large Cap,Equity,05-05-2008,1.58%,14.43,15.31,20.13,15.0,15.25,3.53,0.9,13.22,1.28,0.45%,7.24%,80.64%,11.62%
Edelweiss-Large-Cap-Fund-Plan-B-Growth-option,Equity: Large Cap,Equity,20-05-2009,2.01%,13.81,14.0,17.0,14.54,14.35,-0.13,0.92,13.36,1.02,,10.68%,80.16%,9.16%
Edelweiss-Large-Cap-Fund-Plan-C-Growth-option,Equity: Large Cap,Equity,20-05-2009,2.01%,13.71,14.0,17.0,14.53,14.35,-0.12,0.92,13.36,1.02,,10.68%,80.16%,9.16%
Edelweiss-Large-Cap-Fund-Regular-Plan-Growth-Option,Equity: Large Cap,Equity,20-05-2009,2.38%,13.76,13.98,16.97,14.52,14.34,-0.16,0.92,13.36,1.01,,10.68%,80.16%,9.16%
Invesco-India-Largecap-Fund-Growth,Equity: Large Cap,Equity,21-08-2009,2.24%,12.03,13.23,16.69,13.95,14.08,-0.39,0.89,13.63,0.95,6.36%,9.88%,80.38%,3.38%
HSBC-Large-Cap-Fund-Regular-Growth,Equity: Large Cap,Equity,10-12-2002,2.18%,18.78,12.93,15.06,13.53,13.37,-2.18,0.98,14.33,0.87,0.39%,10.4%,88.82%,0.39%
BARODA-BNP-PARIBAS-LARGE-CAP-Fund-Regular-Plan-Growth-Option,Equity: Large Cap,,01-01-2013,2.12%,12.97,12.18,0.0,0.0,0.0,-0.3,0.89,13.0,1.0,5.09%,7.18%,79.87%,7.86%
quant-Large-Cap-Fund-Growth-Option-Regular-Plan,Equity: Large Cap,,08-08-2022,2.39%,10.18,12.15,0.0,0.0,0.0,,,,,,3.61%,57.15%,39.25%
SBI-Blue-Chip-Fund-Regular-Plan-Growth,Equity: Large Cap,Equity,01-02-2006,1.57%,11.75,11.9,17.66,14.4,15.49,0.65,0.98,14.54,1.06,,10.97%,83.1%,5.93%
Kotak-Bluechip-Fund-Growth,Equity: Large Cap,Equity,29-12-1998,1.79%,18.72,11.63,16.62,14.86,14.48,-0.23,0.91,13.2,1.01,2.32%,14.28%,79.27%,4.11%
Aditya-Birla-Sun-Life-Frontline-Equity-Fund-Growth,Equity: Large Cap,Equity,05-08-2002,1.68%,18.92,11.42,17.61,13.32,14.36,0.61,0.95,13.9,1.07,2.47%,9.42%,82.17%,5.92%
BANDHAN-Large-Cap-Fund-Regular-Plan-Growth,Equity: Large Cap,Equity,09-06-2006,2.14%,10.4,11.37,15.14,13.19,12.19,-1.84,0.86,12.95,0.86,4.0%,4.78%,85.16%,6.06%
Canara-Robeco-Blue-Chip-Equity-Fund-Regular-Plan-Growth-Option,Equity: Large Cap,Equity,05-08-2010,1.71%,12.36,10.46,15.12,15.24,14.4,-1.15,0.9,13.09,0.94,,6.66%,88.71%,4.63%
Franklin-India-Bluechip-Fund-Growth,Equity: Large Cap,Equity,01-12-1993,1.85%,18.32,10.39,15.81,11.84,12.6,0.17,0.95,14.69,0.98,,8.21%,85.86%,5.92%
ITI-Large-Cap-Fund-Regular-Plan-Growth-Option,Equity: Large Cap,Equity,24-12-2020,2.34%,11.51,10.38,0.0,0.0,0.0,,,,,0.92%,1.82%,92.7%,4.6%
Mahindra-Manulife-Large-Cap-Fund-Regular-Plan-Growth,Equity: Large Cap,Equity,08-03-2019,2.39%,12.87,9.37,16.63,0.0,0.0,0.06,0.93,13.76,1.02,3.78%,7.07%,85.33%,3.82%
UTI-Large-Cap-Fund-Regular-Plan-Growth-Option,Equity: Large Cap,Equity,18-10-1986,1.74%,13.11,9.01,15.37,13.55,13.95,-1.14,0.95,13.92,0.94,1.2%,9.95%,85.3%,3.56%
Mirae-Asset-Large-Cap-Fund-Growth-Plan,Equity: Large Cap,Equity,10-04-2008,1.55%,14.9,8.09,14.96,13.1,16.36,-0.99,0.89,13.03,0.95,2.92%,13.38%,83.01%,0.68%
Axis-Bluechip-Fund-Regular-Plan-Growth,Equity: Large Cap,Equity,05-01-2010,1.57%,11.82,5.72,10.28,12.53,13.65,-6.39,0.98,14.75,0.57,,1.86%,91.34%,6.8%
LIC-MF-Large-Cap-Fund-Regular-Plan-Growth,Equity: Large Cap,Equity,31-08-1994,2.17%,5.75,5.61,12.45,12.2,12.2,-2.54,0.98,14.25,0.85,0.21%,4.33%,89.61%,5.86%
WhiteOak-Capital-Large-Cap-Fund-Regular-Plan-Growth,Equity: Large Cap,,01-12-2022,2.38%,7.84,0.0,0.0,0.0,0.0,,,,,3.11%,8.85%,78.81%,9.23%
Equity: Mid Cap
HDFC-Mid-Cap-Opportunities-Fund-Growth-Plan,Equity: Mid Cap,Equity,05-06-2007,1.52%,17.31,35.93,32.39,21.63,22.12,3.14,0.94,15.17,1.68,16.21%,67.8%,6.66%,9.33%
Nippon-India-Growth-Fund-Growth-Plan-Growth-Option,Equity: Mid Cap,Equity,05-10-1995,1.69%,22.32,34.59,31.99,22.72,20.26,2.88,0.93,15.21,1.65,12.59%,65.91%,16.08%,5.42%
Mahindra-Manulife-Mid-Cap-Fund-Regular-Plan-Growth,Equity: Mid Cap,Equity,05-01-2018,2.07%,17.37,33.73,31.18,21.1,0.0,0.44,0.98,16.2,1.47,15.34%,68.4%,9.16%,7.1%
WhiteOak-Capital-Mid-Cap-Fund-Regular-Plan-Growth,Equity: Mid Cap,,07-09-2022,2.11%,25.83,31.06,0.0,0.0,0.0,,,,,22.07%,54.89%,4.26%,18.78%
Motilal-Oswal-Midcap-Fund-Regular-Plan-Growth-Option,Equity: Mid Cap,Equity,24-02-2014,1.81%,21.42,30.15,34.98,23.19,0.0,7.58,0.81,14.63,1.84,1.52%,67.23%,18.91%,12.34%
HSBC-Midcap-Fund-Regular-Growth,Equity: Mid Cap,,09-08-2004,1.78%,18.64,30.1,23.22,15.6,20.76,-2.74,0.8,13.23,1.24,18.54%,65.9%,14.57%,0.99%
Quant-Mid-Cap-Fund-Growth-Option-Regular-Plan,Equity: Mid Cap,Equity,26-02-2001,1.92%,13.29,27.93,36.28,24.8,18.09,7.03,0.89,17.53,1.61,,54.61%,20.05%,25.35%
ITI-Mid-Cap-Fund-Regular-Plan-Growth-Option,Equity: Mid Cap,Equity,05-03-2021,2.32%,15.47,26.98,0.0,0.0,0.0,,,,,13.97%,68.38%,13.98%,3.67%
Edelweiss-Mid-Cap-Fund-Regular-Plan-Growth-Option,Equity: Mid Cap,Equity,26-12-2007,1.86%,12.71,26.35,29.45,21.67,22.41,-0.24,0.96,15.73,1.45,12.52%,70.87%,11.35%,5.26%
Aditya-Birla-Sun-Life-MidCap-Fund-Growth,Equity: Mid Cap,Equity,05-10-2002,1.95%,21.15,25.89,26.98,15.61,18.21,-1.03,0.91,14.99,1.38,18.56%,65.21%,12.93%,3.31%
Franklin-India-Prima-Fund-Growth,Equity: Mid Cap,Equity,01-12-1993,1.81%,19.03,25.41,22.63,16.33,19.25,-4.69,0.96,15.74,1.16,11.41%,68.84%,14.4%,5.33%
BANDHAN-MIDCAP-FUND-GROWTH-REGULAR-PLAN,Equity: Mid Cap,,18-08-2022,2.23%,19.08,25.38,0.0,0.0,0.0,,,,,15.85%,65.05%,11.92%,7.18%
Invesco-India-Midcap-Fund-Growth-Option,Equity: Mid Cap,Equity,19-04-2007,1.89%,15.68,25.2,25.44,19.12,20.84,-1.94,0.9,14.75,1.32,9.75%,68.61%,16.89%,4.75%
SBI-Magnum-Midcap-Fund-Regular-Plan-Growth,Equity: Mid Cap,Equity,29-03-2005,1.73%,16.88,24.99,31.53,21.4,20.7,3.61,0.88,15.09,1.64,14.22%,65.62%,11.27%,8.94%
LIC-MF-Mid-Cap-Fund-Regular-Plan-Growth,Equity: Mid Cap,,02-02-2017,2.5%,11.73,24.91,21.9,15.22,0.0,-6.74,0.98,16.06,1.04,3.55%,67.46%,22.99%,5.99%
BARODA-BNP-PARIBAS-Mid-Cap-Fund-Regular-Plan-Growth-Option,Equity: Mid Cap,,01-01-2013,2.07%,18.69,24.54,0.0,0.0,0.0,-0.26,0.88,14.67,1.41,16.91%,65.05%,10.86%,7.18%
Kotak-Emerging-Equity-Scheme-Growth,Equity: Mid Cap,Equity,30-03-2007,1.52%,14.46,24.15,28.36,21.29,23.22,0.97,0.9,14.61,1.53,11.28%,67.18%,15.66%,5.84%
Mirae-Asset-Midcap-Fund-Regular-Plan-Growth-Option,Equity: Mid Cap,Equity,01-07-2019,1.71%,25.81,23.17,28.16,0.0,0.0,0.64,0.93,15.37,1.49,14.62%,69.64%,12.55%,3.19%
UTI-Mid-Cap-Fund-Growth-Option,Equity: Mid Cap,Equity,05-08-2005,1.76%,15.84,21.92,24.7,18.72,20.65,-1.78,0.9,14.88,1.32,16.77%,66.86%,11.8%,4.57%
ICICI-Prudential-MidCap-Fund-Growth,Equity: Mid Cap,Equity,10-10-2004,1.95%,17.06,20.16,26.09,16.93,19.95,-2.92,0.96,15.77,1.26,10.4%,67.15%,15.2%,7.25%
Axis-Midcap-Fund-Regular-Plan-Growth,Equity: Mid Cap,Equity,06-02-2011,1.62%,17.71,18.3,20.29,18.75,20.09,-4.45,0.85,14.58,1.09,0.97%,65.81%,25.37%,7.85%
Canara-Robeco-Mid-Cap-Fund-Regular-Plan-Growth-Option,Equity: Mid Cap,,05-12-2022,2.05%,21.98,0.0,0.0,0.0,0.0,,,,,5.93%,66.39%,21.1%,6.58%
Equity: Multi Cap
HDFC-Multi-Cap-Fund-Growth-Option,Equity: Multi Cap,,10-12-2021,1.76%,19.71,29.38,0.0,0.0,0.0,,,,,26.22%,26.65%,43.66%,3.47%
Nippon-India-Multi-Cap-Fund-Growth-Plan-Growth-Option,Equity: Multi Cap,Equity,25-03-2005,1.68%,17.81,27.57,33.15,18.02,17.67,11.09,1.06,17.07,1.67,28.81%,26.18%,42.34%,2.67%
Kotak-Multicap-Fund-Regular-Plan-Growth,Equity: Multi Cap,,29-09-2021,1.76%,14.86,25.66,0.0,0.0,0.0,,,,,25.06%,24.34%,41.53%,9.07%
ITI-Multi-Cap-Fund-Regular-Plan-Growth-Option,Equity: Multi Cap,Equity,15-05-2019,2.29%,13.59,24.67,18.96,0.0,0.0,0.39,0.84,14.04,1.02,26.4%,27.35%,42.5%,3.74%
Axis-Multicap-Fund-Regular-Plan-Growth,Equity: Multi Cap,,05-12-2021,1.86%,12.11,24.65,0.0,0.0,0.0,,,,,29.65%,25.74%,38.19%,6.39%
Mahindra-Manulife-Multi-Cap-Fund-Regular-Plan-Growth,Equity: Multi Cap,Equity,05-05-2017,1.97%,15.95,23.32,27.39,21.16,0.0,5.65,0.99,15.69,1.4,32.98%,25.22%,37.29%,4.51%
Invesco-India-Multicap-Fund-Growth-Option,Equity: Multi Cap,Equity,17-03-2008,1.96%,15.59,22.09,23.13,16.36,18.44,2.74,0.93,14.85,1.22,30.0%,28.5%,35.37%,6.13%
ICICI-Prudential-Multicap-Fund-Growth,Equity: Multi Cap,Equity,01-10-1994,1.82%,14.89,21.5,24.77,15.38,16.68,4.71,0.95,14.92,1.37,25.67%,26.53%,43.05%,4.82%
Baroda-BNP-Paribas-MULTI-CAP-FUND-Regular-Plan-Growth-Option,Equity: Multi Cap,Equity,12-09-2003,2.11%,16.25,20.78,24.17,18.12,15.47,2.57,0.96,15.07,1.22,24.95%,27.88%,37.69%,9.48%
LIC-MF-Multi-Cap-Fund-Regular-Growth,Equity: Multi Cap,,31-10-2022,2.32%,19.66,20.45,0.0,0.0,0.0,,,,,30.16%,27.31%,33.56%,8.97%
BANDHAN-MULTI-CAP-FUND-GROWTH-REGULAR-PLAN,Equity: Multi Cap,,02-12-2021,2.07%,13.19,19.89,0.0,0.0,0.0,,,,,24.35%,26.86%,40.97%,7.82%
Aditya-Birla-Sun-Life-Multi-Cap-Fund-Regular-Growth,Equity: Multi Cap,,07-05-2021,1.87%,15.6,17.19,0.0,0.0,0.0,,,,,26.92%,25.92%,41.49%,5.69%
SBI-Multicap-Fund-Regular-Plan-Growth-Option,Equity: Multi Cap,,10-03-2022,1.8%,11.71,14.64,0.0,0.0,0.0,,,,,30.27%,26.75%,35.79%,7.19%
Quant-Active-Fund-GROWTH-OPTION-Regular-Plan,Equity: Multi Cap,Equity,21-03-2001,1.82%,19.02,14.34,30.38,23.98,23.0,7.53,0.95,17.08,1.36,26.79%,20.41%,20.93%,31.89%
HSBC-Multi-Cap-Fund-Regular-Growth,Equity: Multi Cap,,30-01-2023,2.08%,34.19,0.0,0.0,0.0,0.0,,,,,34.11%,26.62%,35.29%,3.98%
Canara-Robeco-Multi-Cap-Fund-Regular-Plan-Growth-Option,Equity: Multi Cap,,08-07-2023,2.04%,7.5,0.0,0.0,0.0,0.0,,,,,,,,
Mirae-Asset-Multicap-Fund-Regular-Plan-Growth,Equity: Multi Cap,,05-08-2023,2.03%,5.17,0.0,0.0,0.0,0.0,-,-,-,-,27.24%,28.83%,41.1%,2.8%
WhiteOak-Capital-Multi-Cap-Fund-Regular-Plan-Growth,Equity: Multi Cap,,22-09-2023,2.35%,4.5,0.0,0.0,0.0,0.0,-,-,-,-,29.06%,20.82%,36.42%,13.67%
Edelweiss-Multi-Cap-Fund-Regular-Plan-Growth,Equity: Multi Cap,,26-10-2023,2.16%,6.09,0.0,0.0,0.0,0.0,-,-,-,-,22.4%,26.49%,47.06%,4.05%
Equity: Sectoral-Banking and Financial Services
Invesco-India-Financial-Services-Fund-Retail-Growth,Equity: Sectoral-Banking and Financial Services,Equity,14-07-2008,2.4%,16.08,20.02,17.22,14.24,17.04,1.99,0.82,18.58,0.87,34.45%,6.26%,58.55%,0.74%
Nippon-India-Banking-and-Financial-Services-Fund-Growth-Plan-Growth-Option,Equity: Sectoral-Banking and Financial Services,Equity,01-05-2003,1.94%,20.65,17.77,24.8,12.86,16.66,8.19,0.94,21.27,1.15,14.05%,15.07%,68.72%,2.16%
HDFC-Banking-and-Financial-Services-Fund-Growth-Option,Equity: Sectoral-Banking and Financial Services,,05-06-2021,1.93%,12.22,15.62,0.0,0.0,0.0,,,,,14.8%,11.61%,69.97%,3.62%
Aditya-Birla-Sun-Life-Banking-and-Financial-Services-Fund-Regular-Plan-Growth,Equity: Sectoral-Banking and Financial Services,Equity,01-12-2013,2.0%,17.06,15.09,17.97,12.56,0.0,2.71,1.0,22.36,0.9,17.09%,18.44%,56.08%,8.4%
Mirae-Asset-Banking-and-Financial-Services-Fund-Regular-Growth,Equity: Sectoral-Banking and Financial Services,Equity,15-12-2020,2.1%,15.53,13.55,0.0,0.0,0.0,,,,,8.35%,17.03%,71.48%,3.16%
ICICI-Prudential-Banking-and-Financial-Services-Fund-Growth,Equity: Sectoral-Banking and Financial Services,Equity,05-08-2008,1.86%,16.27,11.43,18.13,11.34,16.98,3.36,0.89,20.12,0.94,6.49%,6.98%,77.55%,9.0%
LIC-MF-Banking-And-Financial-Services-Fund-Regular-Plan-Growth,Equity: Sectoral-Banking and Financial Services,Equity,23-03-2015,2.51%,6.63,11.38,15.36,12.48,0.0,-0.18,0.89,19.58,0.78,25.56%,13.96%,56.83%,3.67%
SBI-Banking-Financial-Services-Fund-Regular-Plan-Growth,Equity: Sectoral-Banking and Financial Services,Equity,01-02-2015,1.9%,12.69,9.6,13.65,12.83,0.0,-0.63,0.88,19.49,0.76,11.11%,13.59%,72.49%,2.79%
Baroda-BNP-Paribas-Banking-and-Financial-Services-Fund-Regular-Growth-Option,Equity: Sectoral-Banking and Financial Services,Equity,22-06-2012,2.46%,11.48,8.9,13.02,11.12,13.35,-1.82,0.92,20.09,0.7,14.31%,7.9%,71.71%,6.08%
UTI-Banking-and-Financial-Services-Fund-Regular-Plan-Growth-Option,Equity: Sectoral-Banking and Financial Services,Equity,01-08-2005,2.29%,12.75,8.79,15.32,9.09,13.27,0.95,0.95,20.81,0.84,18.28%,11.8%,67.63%,2.29%
ITI-Banking-and-Financial-Services-Fund-Regular-Plan-Growth-Option,Equity: Sectoral-Banking and Financial Services,,06-12-2021,2.34%,8.07,5.89,0.0,0.0,0.0,,,,,11.2%,12.34%,68.18%,8.28%
Kotak-Banking-Financial-Services-Fund-Regular-Plan-Growth,Equity: Sectoral-Banking and Financial Services,,27-02-2023,2.29%,14.9,0.0,0.0,0.0,0.0,,,,,6.58%,18.38%,69.83%,5.21%
quant-BFSI-Fund-Growth-Option-Regular-Plan,Equity: Sectoral-Banking and Financial Services,,20-06-2023,2.39%,22.04,0.0,0.0,0.0,0.0,,,,,52.57%,9.06%,9.42%,28.96%
BANDHAN-FINANCIAL-SERVICES-FUND-REGULAR-PLAN-GROWTH,Equity: Sectoral-Banking and Financial Services,,28-07-2023,2.34%,5.68,0.0,0.0,0.0,0.0,,,,,26.82%,17.56%,52.12%,3.5%
Equity: Sectoral-FMCG
ICICI-Prudential-FMCG-Fund-Growth,Equity: Sectoral-FMCG,Equity,31-03-1999,2.2%,16.69,18.3,21.7,14.45,14.87,7.51,0.61,11.45,1.53,7.59%,6.73%,72.38%,13.3%
Equity: Sectoral-Infrastructure
HDFC-Infrastructure-Fund-Growth-Plan,Equity: Sectoral-Infrastructure,Equity,10-03-2008,2.37%,8.05,41.91,41.08,16.22,14.81,7.37,0.79,20.78,1.65,46.63%,7.45%,34.78%,11.14%
Nippon-India-Power-Infra-Fund-Growth-Plan-Growth-Option,Equity: Sectoral-Infrastructure,Equity,01-05-2004,2.06%,17.72,38.91,36.89,20.15,18.19,6.8,0.67,17.18,1.71,20.01%,19.63%,49.88%,10.48%
SBI-Infrastructure-Fund-Regular-Plan-Growth,Equity: Sectoral-Infrastructure,Equity,06-07-2007,2.21%,8.41,37.47,33.57,22.07,18.27,7.7,0.53,13.85,1.86,30.1%,19.58%,39.45%,10.87%
BANDHAN-Infrastructure-Fund-Regular-Plan-Growth,Equity: Sectoral-Infrastructure,Equity,08-03-2011,2.35%,10.04,35.65,37.24,18.27,16.2,6.07,0.69,19.0,1.56,38.48%,18.27%,38.66%,4.59%
Franklin-Build-India-Fund-Growth-Plan,Equity: Sectoral-Infrastructure,Equity,04-09-2009,2.16%,17.36,34.91,34.99,20.12,21.8,6.45,0.68,17.47,1.69,31.26%,10.12%,51.05%,7.55%
HSBC-Infrastructure-Fund-Regular-Growth,Equity: Sectoral-Infrastructure,,01-01-2013,2.11%,7.83,34.55,34.68,16.27,19.75,7.73,0.6,16.08,1.76,39.53%,18.55%,39.36%,2.56%
Aditya-Birla-Sun-Life-Infrastructure-Fund-Growth,Equity: Sectoral-Infrastructure,Equity,17-03-2006,2.45%,11.57,34.38,34.43,17.88,17.18,2.15,0.78,20.21,1.43,30.23%,17.32%,39.01%,13.45%
Invesco-India-Infrastructure-Fund-Growth-Option,Equity: Sectoral-Infrastructure,Equity,21-11-2007,2.36%,9.58,32.09,33.64,21.79,20.49,7.11,0.56,15.95,1.63,33.72%,24.76%,38.24%,3.28%
ICICI-Prudential-Infrastructure-Fund-Growth,Equity: Sectoral-Infrastructure,Equity,31-08-2005,2.05%,15.08,32.01,42.02,21.65,18.09,9.77,0.72,17.9,1.91,25.82%,17.03%,51.9%,5.25%
LIC-MF-Infrastructure-Fund-Regular-Plan-Growth,Equity: Sectoral-Infrastructure,Equity,29-02-2008,2.52%,7.53,30.14,29.52,18.91,15.18,6.46,0.53,14.84,1.66,57.94%,18.66%,16.71%,6.67%
Kotak-Infrastructure-Economic-Reform-Fund-Standard-Plan-Growth,Equity: Sectoral-Infrastructure,Equity,25-02-2008,2.17%,13.41,27.16,36.88,20.32,0.0,10.25,0.55,15.33,1.88,28.23%,32.61%,35.01%,4.15%
Canara-Robeco-Infrastructure-Fund-Regular-Plan-Growth-Option,Equity: Sectoral-Infrastructure,Equity,02-12-2005,2.47%,13.86,22.75,33.32,19.05,18.0,7.36,0.56,15.49,1.71,23.58%,25.06%,46.63%,4.73%
UTI-Infrastructure-Fund-Growth-Option,Equity: Sectoral-Infrastructure,Equity,01-08-2005,2.25%,11.42,21.31,27.15,15.99,15.22,1.67,0.62,16.38,1.4,13.52%,19.59%,61.14%,5.74%
Quant-Infrastructure-Fund-Growth-Option,Equity: Sectoral-Infrastructure,Equity,31-08-2007,2.2%,6.5,16.98,40.32,27.67,21.41,10.7,0.59,17.63,1.75,30.54%,,31.21%,38.23%
Equity: Sectoral-Pharma and Healthcare
Nippon-India-Pharma-Fund-Growth-Plan-Growth-Option,Equity: Sectoral-Pharma and Healthcare,Equity,01-06-2004,1.88%,20.35,28.6,17.12,19.16,16.85,2.29,0.97,15.16,0.72,22.09%,30.52%,38.65%,8.74%
SBI-Healthcare-Opportunities-Fund-Regular-Plan-Growth,Equity: Sectoral-Pharma and Healthcare,Equity,14-07-1999,2.1%,14.77,27.45,17.05,18.65,14.64,3.0,0.89,14.16,0.77,22.57%,31.57%,35.83%,10.03%
Aditya-Birla-Sun-Life-Pharma-and-Healthcare-Fund-Regular-Growth,Equity: Sectoral-Pharma and Healthcare,Equity,05-07-2019,2.45%,19.88,27.17,13.71,0.0,0.0,-0.56,0.94,14.7,0.53,18.31%,30.91%,42.08%,8.69%
UTI-Healthcare-Fund-Regular-Plan-Growth-Option,Equity: Sectoral-Pharma and Healthcare,Equity,05-08-2005,2.39%,13.77,26.61,14.07,17.78,13.24,-0.38,0.93,14.61,0.54,28.6%,24.67%,42.02%,4.72%
Mirae-Asset-Healthcare-Fund-Regular-Growth,Equity: Sectoral-Pharma and Healthcare,Equity,10-07-2018,2.05%,19.99,22.4,15.65,20.7,0.0,0.65,0.97,15.18,0.61,13.21%,29.22%,48.88%,8.69%
ITI-Pharma-and-Healthcare-Fund-Regular-Plan-Growth-Option,Equity: Sectoral-Pharma and Healthcare,,08-11-2021,2.34%,6.77,19.21,0.0,0.0,0.0,,,,,23.68%,34.16%,38.63%,3.53%
LIC-MF-Healthcare-Fund-Regular-Plan-Growth,Equity: Sectoral-Pharma and Healthcare,,22-02-2019,2.44%,16.13,18.03,9.28,0.0,0.0,-4.93,0.91,14.22,0.22,15.55%,25.54%,48.19%,10.73%
quant-Healthcare-Fund-Growth-Option-Regular-Plan,Equity: Sectoral-Pharma and Healthcare,,11-07-2023,2.39%,10.53,0.0,0.0,0.0,0.0,,,,,44.45%,14.7%,18.16%,22.69%
HDFC-Pharma-and-Healthcare-Fund-Growth-Option,Equity: Sectoral-Pharma and Healthcare,,04-10-2023,-,5.67,0.0,0.0,0.0,0.0,-,-,-,-,20.76%,24.2%,37.96%,17.08%
Equity: Sectoral-Technology
Franklin-India-Technology-Fund-Growth,Equity: Sectoral-Technology,Equity,22-08-1998,2.3%,18.82,33.73,18.15,20.56,15.97,3.74,0.72,16.18,0.78,28.35%,21.08%,25.81%,24.79%
Aditya-Birla-Sun-Life-Digital-India-Fund-Growth-Regular-Plan,Equity: Sectoral-Technology,Equity,15-01-2000,1.91%,11.86,19.96,23.26,23.63,19.05,6.49,0.88,18.17,0.95,16.82%,11.42%,60.51%,11.26%
ICICI-Prudential-Technology-Fund-Growth,Equity: Sectoral-Technology,Equity,03-03-2000,1.76%,12.28,12.27,21.87,22.44,18.38,5.44,0.92,19.02,0.88,9.96%,10.79%,70.69%,8.6%
SBI-Technology-Opportunities-Fund-Regular-Plan-Growth,Equity: Sectoral-Technology,Equity,01-01-2013,1.95%,19.66,11.98,22.08,21.55,17.24,-3.17,1.15,,0.1,13.12%,11.93%,59.32%,15.63%
HDFC-Technology-Fund-Growth-Option,Equity: Sectoral-Technology,,08-09-2023,2.39%,1.41,0.0,0.0,0.0,0.0,-,-,-,-,6.58%,12.37%,66.47%,14.58%
HDFC-Technology-Fund-IDCW-Option,Equity: Sectoral-Technology,,08-09-2023,2.39%,1.41,0.0,0.0,0.0,0.0,-,-,-,-,6.58%,12.37%,66.47%,14.58%
quant-Teck-Fund-Growth-Option-Regular-Plan,Equity: Sectoral-Technology,,11-09-2023,2.39%,-0.52,0.0,0.0,0.0,0.0,-,-,-,-,37.97%,23.22%,16.79%,22.01%
Equity: Small Cap
Franklin-India-Smaller-Companies-Fund-Growth,Equity: Small Cap,Equity,13-01-2006,1.79%,15.69,42.41,37.35,21.13,22.46,7.27,0.8,15.73,1.85,74.83%,9.81%,5.3%,10.04%
BANDHAN-EMERGING-BUSINESSES-FUND-REGULAR-PLAN-GROWTH,Equity: Small Cap,Equity,25-02-2020,2.0%,33.8,40.72,31.05,0.0,0.0,1.0,0.84,16.74,1.43,67.73%,10.8%,6.05%,15.42%
ITI-Small-Cap-Fund-Regular-Plan-Growth-Option,Equity: Small Cap,Equity,17-02-2020,2.0%,20.35,39.8,26.0,0.0,0.0,-3.43,0.85,17.1,1.16,62.78%,20.52%,10.59%,6.13%
HSBC-Small-Cap-Fund-Regular-Growth,Equity: Small Cap,,12-05-2014,1.73%,21.82,38.89,40.82,21.9,0.0,8.44,0.83,16.01,1.94,68.67%,24.59%,2.87%,3.87%
HDFC-Small-Cap-Fund-Growth-Option,Equity: Small Cap,Equity,03-04-2008,1.65%,16.45,38.69,38.28,20.88,21.04,6.14,0.9,17.31,1.78,79.98%,8.46%,3.62%,7.94%
Quant-Small-Cap-Fund-Growth-Regular-Plan,Equity: Small Cap,Equity,24-11-1996,1.76%,12.48,37.92,44.0,29.25,18.0,8.12,0.93,19.39,1.73,67.84%,1.48%,10.59%,20.1%
Nippon-India-Small-Cap-Fund-Growth-Plan-Growth-Option,Equity: Small Cap,Equity,05-09-2010,1.55%,21.31,37.74,42.17,26.29,28.36,9.67,0.86,16.48,2.0,66.74%,13.93%,11.29%,8.04%
Invesco-India-Smallcap-Fund-Regular-Plan-Growth,Equity: Small Cap,Equity,05-10-2018,1.9%,23.8,36.25,36.29,24.06,0.0,4.0,0.84,16.7,1.61,70.88%,18.33%,2.73%,8.06%
Edelweiss-Small-Cap-Fund-Regular-Plan-Growth,Equity: Small Cap,Equity,01-02-2019,1.94%,29.23,32.54,35.8,0.0,0.0,4.81,0.84,16.25,1.7,65.39%,26.87%,1.66%,6.08%
Aditya-Birla-Sun-Life-Small-Cap-Fund-GROWTH,Equity: Small Cap,Equity,31-05-2007,1.88%,12.29,31.62,27.89,15.21,18.33,-2.67,0.91,17.51,1.26,69.52%,17.34%,1.82%,11.32%
Axis-Small-Cap-Fund-Regular-Plan-Growth,Equity: Small Cap,Equity,05-11-2013,1.64%,23.4,28.55,30.97,25.72,0.0,6.36,0.65,12.91,1.87,67.85%,15.69%,2.49%,13.94%
ICICI-Prudential-Smallcap-Fund-Growth,Equity: Small Cap,Equity,01-10-2007,1.83%,12.76,27.87,35.67,24.52,18.32,6.19,0.8,16.15,1.73,70.2%,7.21%,6.32%,16.29%
UTI-Small-Cap-Fund-Regular-Plan-Growth-Option,Equity: Small Cap,Equity,05-12-2020,1.91%,26.71,26.22,0.0,0.0,0.0,,,,,74.29%,18.65%,1.08%,5.98%
Kotak-Small-Cap-Fund-Growth,Equity: Small Cap,Equity,24-02-2005,1.68%,17.44,24.53,32.52,24.58,22.73,4.44,0.78,15.89,1.62,66.81%,22.86%,4.67%,5.66%
Canara-Robeco-Small-Cap-Fund-Regular-Plan-Growth-Option,Equity: Small Cap,Equity,05-02-2019,1.73%,26.56,24.28,35.77,0.0,0.0,6.11,0.8,15.73,1.77,66.54%,13.51%,12.07%,7.88%
LIC-MF-Small-Cap-Fund-Regular-Plan-Growth,Equity: Small Cap,,15-06-2017,2.5%,13.7,21.47,33.63,19.81,0.0,6.4,0.72,14.82,1.77,76.7%,14.6%,1.38%,7.31%
SBI-Small-Cap-Fund-Regular-Plan-Growth,Equity: Small Cap,Equity,05-09-2009,1.64%,20.19,18.51,28.99,22.52,26.69,4.06,0.71,14.23,1.65,63.41%,13.5%,0.62%,22.44%
Mahindra-Manulife-Small-Cap-Fund-Regular-Plan-Growth,Equity: Small Cap,,12-12-2022,1.94%,43.24,0.0,0.0,0.0,0.0,,,,,74.46%,7.59%,9.02%,8.93%
Baroda-BNP-Paribas-Small-Cap-Fund-Regular-Plan-Growth-option,Equity: Small Cap,,27-10-2023,-,3.07,0.0,0.0,0.0,0.0,-,-,-,-,11.36%,,,88.64%
Equity: Thematic-Consumption
Mirae-Asset-Great-Consumer-Fund-Regular-Plan-Growth-option,Equity: Thematic-Consumption,Equity,29-03-2011,1.94%,17.05,23.3,24.07,17.47,17.7,5.14,0.71,12.45,1.47,23.66%,8.9%,64.24%,3.19%
ICICI-Prudential-Bharat-Consumption-Fund-Growth-Option,Equity: Thematic-Consumption,Equity,09-04-2019,2.1%,15.81,22.43,22.31,0.0,0.0,5.99,0.62,11.18,1.57,13.89%,9.37%,67.06%,9.67%
SBI-Consumption-Opportunities-Fund-Regular-Growth,Equity: Thematic-Consumption,Equity,14-07-1999,2.13%,15.87,21.33,30.48,17.34,16.88,-0.74,1.06,,0.86,29.76%,26.97%,36.94%,6.33%
BARODA-BNP-PARIBAS-India-Consumption-Fund-Regular-Plan-Growth-Option,Equity: Thematic-Consumption,,07-09-2018,2.18%,19.23,19.84,0.0,0.0,0.0,2.04,0.74,12.83,1.23,10.25%,13.75%,73.62%,2.38%
Mahindra-Manulife-Consumption-Fund-Regular-Plan-Growth,Equity: Thematic-Consumption,Equity,13-11-2018,2.37%,11.98,18.01,19.85,11.99,0.0,2.34,0.81,12.97,1.22,25.71%,12.68%,54.89%,6.72%
Canara-Robeco-Consumer-Trends-Fund-Regular-Plan-Growth-Option,Equity: Thematic-Consumption,Equity,14-09-2009,2.19%,16.16,17.08,21.62,18.28,18.57,1.93,0.79,14.04,1.18,13.01%,19.67%,62.49%,4.83%
Nippon-India-Consumption-Fund-Growth-Plan-Growth-Option,Equity: Thematic-Consumption,Equity,30-09-2004,2.45%,15.27,16.94,27.0,19.97,15.4,6.75,0.77,13.88,1.53,10.32%,14.48%,70.79%,4.41%
Aditya-Birla-Sun-Life-India-Gennext-Fund-Growth-Option,Equity: Thematic-Consumption,Equity,05-08-2005,1.91%,16.63,15.26,20.27,16.59,17.87,2.04,0.79,13.85,1.21,11.73%,20.21%,62.74%,5.33%
UTI-India-Consumer-Fund-Regular-Plan-Growth-Option,Equity: Thematic-Consumption,Equity,30-07-2007,2.52%,9.63,13.09,16.53,12.46,12.23,-1.73,0.76,13.4,0.93,2.99%,21.45%,74.27%,1.27%
HDFC-Non-Cyclical-Consumer-Fund-Growth-Option,Equity: Thematic-Consumption,,12-07-2023,2.46%,9.2,0.0,0.0,0.0,0.0,,,,,29.49%,10.69%,44.93%,14.89%
HSBC-Consumption-Fund-Regular-Growth,Equity: Thematic-Consumption,,31-08-2023,2.26%,5.67,0.0,0.0,0.0,0.0,-,-,-,-,20.66%,9.63%,32.68%,37.03%
Equity: Thematic-ESG
ICICI-Prudential-ESG-FUND-Growth,Equity: Thematic-ESG,Equity,05-10-2020,2.17%,16.38,17.65,14.5,0.0,0.0,0.66,0.65,11.17,0.93,24.3%,12.58%,48.73%,14.4%
Quant-ESG-Equity-Fund-Growth-Option-Regular-Plan,Equity: Thematic-ESG,Equity,05-11-2020,2.39%,36.13,15.59,35.34,0.0,0.0,,,,,16.95%,17.55%,29.43%,36.06%
Axis-ESG-Equity-Fund-Regular-Plan-Growth-Option,Equity: Thematic-ESG,Equity,05-02-2020,2.2%,14.85,14.12,10.99,0.0,0.0,-5.14,0.94,15.61,0.57,8.77%,14.71%,53.07%,23.48%
Invesco-India-ESG-Equity-Fund-Growth,Equity: Thematic-ESG,Equity,18-03-2021,2.39%,12.85,13.25,0.0,0.0,0.0,,,,,17.22%,13.95%,66.44%,2.39%
SBI-Magnum-Equity-ESG-Fund-REGULAR-PLAN-Growth,Equity: Thematic-ESG,Equity,01-11-2006,1.95%,11.96,11.98,16.48,14.11,14.41,-0.19,0.92,13.93,0.98,3.58%,17.12%,75.0%,4.3%
Kotak-ESG-Opportunities-Fund-Regular-Plan-Growth-Option,Equity: Thematic-ESG,Equity,05-12-2020,2.17%,10.64,11.45,0.0,0.0,0.0,,,,,3.47%,15.09%,79.2%,2.24%
Aditya-Birla-Sun-Life-ESG-Fund-Regular-Plan-Growth,Equity: Thematic-ESG,Equity,24-12-2020,2.36%,10.81,10.33,0.0,0.0,0.0,,,,,8.67%,23.82%,66.31%,1.23%
Equity: Thematic-International
Nippon-India-US-Equity-Opportunites-Fund-Growth-Plan-Growth-Option,Equity: Thematic-International,Equity,05-07-2015,2.43%,12.77,25.06,7.82,13.15,0.0,-,-,17.36,0.34,,,,100.0%
ICICI-Prudential-US-Bluechip-Equity-Fund-Growth,Equity: Thematic-International,Equity,01-07-2012,2.04%,15.33,17.17,11.17,14.0,12.67,-,-,19.09,0.53,,,,99.99%
Nippon-India-Japan-Equity-Fund-Growth-Plan-Growth-Option,Equity: Thematic-International,Equity,05-08-2014,2.45%,5.42,14.18,0.94,5.19,0.0,-,-,16.02,-0.08,,,,100.0%
Aditya-Birla-Sun-Life-International-Equity-Fund-Growth-Regular-Plan,Equity: Thematic-International,Equity,31-10-2007,2.52%,7.09,2.37,4.41,7.66,6.61,-,-,13.89,0.11,,,,99.99%
Franklin-Asian-Equity-Fund-Growth-Plan,Equity: Thematic-International,Equity,05-01-2008,2.5%,5.86,1.56,-6.18,4.36,5.17,-,-,17.76,-0.51,,2.78%,16.67%,80.6%
Equity: Thematic-MNC
ICICI-Prudential-MNC-Fund-Growth-Option,Equity: Thematic-MNC,Equity,05-06-2019,2.15%,20.37,16.46,23.01,0.0,0.0,5.7,0.76,12.14,1.51,14.0%,28.91%,44.76%,12.32%
Aditya-Birla-Sun-Life-MNC-Fund-Growth-Regular-Plan,Equity: Thematic-MNC,Equity,01-12-1999,2.02%,15.31,16.34,11.06,8.59,15.1,-5.39,0.72,12.46,0.53,23.44%,56.12%,18.41%,2.03%
SBI-Magnum-Global-Fund-Regular-Plan-Growth,Equity: Thematic-MNC,Equity,30-09-1994,1.88%,16.85,15.57,20.01,15.59,17.25,3.75,0.66,12.26,1.2,18.96%,39.26%,24.56%,17.22%
UTI-MNC-Fund-Regular-Plan-Growth-Option,Equity: Thematic-MNC,Equity,01-08-2005,2.03%,15.03,14.67,15.7,10.31,15.37,0.11,0.65,11.35,0.95,10.06%,47.5%,37.71%,4.72%
HDFC-MNC-Fund-Growth-Option,Equity: Thematic-MNC,,09-03-2023,2.48%,16.31,0.0,0.0,0.0,0.0,,,,,17.25%,29.35%,42.96%,10.44%
Equity: Thematic-Others
Franklin-India-Opportunities-Fund-Growth,Equity: Thematic-Others,Equity,05-02-2000,2.19%,12.71,33.74,24.65,18.7,17.41,4.69,0.9,14.83,1.32,32.86%,17.98%,36.79%,12.38%
ICICI-Prudential-Manufacturing-Fund-Cumulative-Option,Equity: Thematic-Others,Equity,07-10-2018,2.19%,18.76,32.06,31.36,18.97,0.0,9.38,0.94,14.97,1.66,6.64%,21.67%,53.41%,18.25%
ICICI-PRUDENTIAL-TRANSPORTATION-AND-LOGISTICS-FUND-Growth,Equity: Thematic-Others,,05-10-2022,1.96%,27.05,29.89,0.0,0.0,0.0,,,,,17.05%,16.52%,61.9%,4.53%
BANDHAN-TRANSPORTATION-AND-LOGISTICS-FUND-GROWTH-REGULAR-PLAN,Equity: Thematic-Others,,25-10-2022,2.38%,26.77,28.49,0.0,0.0,0.0,,,,,29.44%,16.98%,42.36%,11.22%
Edelweiss-Recently-Listed-IPO-Fund-Regular-Plan-Growth,Equity: Thematic-Others,Equity,16-02-2018,2.26%,14.31,26.78,21.75,20.45,0.0,1.71,0.93,17.87,0.96,58.08%,16.57%,2.17%,23.17%
ICICI-Prudential-India-Opportunities-Fund-Cumulative-Option,Equity: Thematic-Others,Equity,01-01-2019,1.72%,20.86,24.95,36.89,0.0,0.0,13.5,1.05,17.64,1.75,11.15%,13.51%,67.1%,8.26%
UTI-Transpotation-and-Logistics-Fund-Growth-Option,Equity: Thematic-Others,Equity,01-08-2005,2.0%,15.19,24.89,25.61,13.4,18.42,8.07,0.76,16.3,1.27,6.56%,17.0%,69.47%,6.99%
Kotak-Pioneer-Fund-Regular-Plan-Growth-Option,Equity: Thematic-Others,Equity,31-10-2019,1.91%,21.15,24.35,20.92,0.0,0.0,1.67,0.88,14.97,1.08,7.86%,26.32%,41.39%,24.43%
HSBC-Business-Cycles-Fund-Regular-Growth,Equity: Thematic-Others,,20-08-2014,2.44%,12.32,20.28,23.12,15.0,0.0,2.18,1.01,15.81,1.2,36.24%,14.41%,47.46%,1.89%
Kotak-Manufacture-in-India-Fund-Regular-Plan-Growth,Equity: Thematic-Others,,22-02-2022,2.08%,18.84,20.21,0.0,0.0,0.0,,,,,7.13%,32.55%,57.16%,3.16%
ICICI-Prudential-Business-Cycle-Fund-Growth,Equity: Thematic-Others,Equity,05-01-2021,1.83%,20.02,19.87,0.0,0.0,0.0,,,,,4.5%,13.07%,64.77%,17.65%
ICICI-Prudential-Housing-Opportunities-Fund-Growth,Equity: Thematic-Others,,18-04-2022,2.0%,16.95,18.13,0.0,0.0,0.0,,,,,11.3%,10.02%,66.6%,12.06%
ICICI-Prudential-Commodities-Fund-Growth-Option,Equity: Thematic-Others,Equity,05-10-2019,2.18%,32.13,18.05,36.5,0.0,0.0,12.58,1.13,23.39,1.34,20.47%,24.2%,47.77%,7.54%
Aditya-Birla-Sun-Life-Manufacturing-Equity-Fund-Regular-Plan-Growth,Equity: Thematic-Others,Equity,31-01-2015,2.45%,10.01,17.7,17.1,11.97,0.0,-1.82,0.87,13.77,0.91,24.71%,21.59%,45.84%,7.86%
ICICI-Prudential-Exports-Services-Fund-Growth,Equity: Thematic-Others,Equity,01-11-2005,2.33%,14.57,17.17,23.9,15.78,16.17,6.36,0.77,12.1,1.57,6.61%,12.84%,70.05%,10.52%
Baroda-BNP-Paribas-Business-Cycle-Fund-Regular-Plan-Growth,Equity: Thematic-Others,,05-09-2021,2.46%,8.51,16.46,0.0,0.0,0.0,,,,,4.33%,12.37%,69.54%,13.77%
SBI-Equity-Minimum-Variance-Fund-Regular-Plan-Growth,Equity: Thematic-Others,Equity,02-03-2019,0.73%,15.75,16.41,19.13,0.0,0.0,1.22,0.8,12.77,1.14,,,99.98%,0.02%
SBI-Magnum-Comma-Fund-Regular-Plan-Growth,Equity: Thematic-Others,Equity,05-08-2005,2.58%,11.94,15.14,21.52,17.94,16.22,0.41,1.0,18.52,0.91,32.04%,15.22%,49.82%,2.92%
Axis-Special-Situations-Fund-Regular-Plan-Growth-Option,Equity: Thematic-Others,Equity,05-12-2020,2.12%,11.38,14.29,0.0,0.0,0.0,,,,,7.53%,28.56%,37.42%,26.47%
Aditya-Birla-Sun-Life-Special-Opportunities-Fund-Regular-Plan-Growth,Equity: Thematic-Others,Equity,23-10-2020,2.39%,20.49,14.13,18.35,0.0,0.0,-1.32,0.93,14.34,0.98,13.33%,28.85%,53.22%,4.59%
Kotak-Business-Cycle-Fund-Regular-Plan-Growth,Equity: Thematic-Others,,05-09-2022,1.91%,12.48,12.55,0.0,0.0,0.0,,,,,7.35%,28.45%,62.64%,1.56%
Aditya-Birla-Sun-Life-Business-Cycle-Fund-Regular-Growth,Equity: Thematic-Others,,03-12-2021,2.13%,7.02,8.39,0.0,0.0,0.0,,,,,11.7%,15.53%,70.83%,1.96%
HDFC-Business-Cycle-Fund-Growth-Option,Equity: Thematic-Others,,02-11-2022,1.94%,14.85,0.0,0.0,0.0,0.0,,,,,6.78%,10.51%,74.25%,8.46%
Axis-Business-Cycles-Fund-Regular-Plan-Growth,Equity: Thematic-Others,,22-02-2023,1.97%,23.35,0.0,0.0,0.0,0.0,,,,,23.88%,15.48%,52.73%,7.9%
ICICI-Prudential-Innovation-Fund-Growth,Equity: Thematic-Others,,27-04-2023,2.02%,21.51,0.0,0.0,0.0,0.0,,,,,10.53%,20.66%,51.2%,17.63%
quant-Business-Cycle-Fund-Growth-Option-Regular-Plan,Equity: Thematic-Others,,30-05-2023,2.33%,29.24,0.0,0.0,0.0,0.0,,,,,46.8%,4.98%,15.13%,33.09%
HDFC-Defence-Fund-Growth-Option,Equity: Thematic-Others,,02-06-2023,2.17%,32.46,0.0,0.0,0.0,0.0,,,,,38.6%,16.05%,18.76%,26.59%
Samco-Active-Momentum-Fund-Regular-Plan-Growth-Option,Equity: Thematic-Others,,05-07-2023,2.4%,10.48,0.0,0.0,0.0,0.0,,,,,55.0%,14.23%,14.4%,16.37%
quant-Manufacturing-Fund-Growth-Option-Regular-Plan,Equity: Thematic-Others,,14-08-2023,2.39%,11.94,0.0,0.0,0.0,0.0,,,,,27.95%,9.08%,17.14%,45.84%
HDFC-Transportation-and-Logistics-Fund-Growth-Option,Equity: Thematic-Others,,17-08-2023,2.45%,9.01,0.0,0.0,0.0,0.0,,,,,26.59%,15.74%,48.42%,9.25%
Nippon-India-Innovation-Fund-Regular-Plan-Growth-Option,Equity: Thematic-Others,,29-08-2023,-,3.7,0.0,0.0,0.0,0.0,-,-,-,-,8.15%,33.78%,47.54%,10.53%
Mahindra-Manulife-Business-Cycle-Fund-Regular-Plan-Growth,Equity: Thematic-Others,,11-09-2023,2.34%,1.35,0.0,0.0,0.0,0.0,-,-,-,-,26.33%,17.79%,45.22%,10.66%
UTI-Innovation-Fund-Regular-Plan-Growth-Option,Equity: Thematic-Others,,13-10-2023,-,3.69,0.0,0.0,0.0,0.0,-,-,-,-,22.06%,25.36%,5.87%,46.71%
Equity: Thematic-PSU
Aditya-Birla-Sun-Life-PSU-Equity-Fund-Regular-Plan-Growth,Equity: Thematic-PSU,Equity,30-12-2019,2.13%,23.13,35.4,36.85,0.0,0.0,0.25,0.84,20.1,1.5,13.94%,19.97%,56.5%,9.58%
Invesco-India-PSU-Equity-Fund-Growth,Equity: Thematic-PSU,Equity,18-11-2009,2.44%,10.54,31.41,30.57,20.15,17.21,0.07,0.67,17.37,1.39,7.75%,21.97%,64.81%,5.47%
SBI-PSU-Fund-Regular-Plan-Growth,Equity: Thematic-PSU,Equity,07-07-2010,2.35%,5.5,29.12,32.91,15.88,11.39,-2.24,0.83,20.54,1.33,21.72%,22.14%,51.73%,4.41%
ICICI-Prudential-PSU-Equity-Fund-Growth,Equity: Thematic-PSU,,09-09-2022,2.08%,28.66,29.02,0.0,0.0,0.0,,,,,2.5%,17.89%,71.25%,8.39%
Aditya-Birla-Sun-Life-PSU-Equity-Fund-Regular-Plan-Growth,Equity: Thematic-PSU,Equity,30-12-2019,2.13%,23.13,35.4,36.85,0.0,0.0,0.25,0.84,20.1,1.5,13.94%,19.97%,56.5%,9.58%
Invesco-India-PSU-Equity-Fund-Growth,Equity: Thematic-PSU,Equity,18-11-2009,2.44%,10.54,31.41,30.57,20.15,17.21,0.07,0.67,17.37,1.39,7.75%,21.97%,64.81%,5.47%
SBI-PSU-Fund-Regular-Plan-Growth,Equity: Thematic-PSU,Equity,07-07-2010,2.35%,5.5,29.12,32.91,15.88,11.39,-2.24,0.83,20.54,1.33,21.72%,22.14%,51.73%,4.41%
ICICI-Prudential-PSU-Equity-Fund-Growth,Equity: Thematic-PSU,,09-09-2022,2.08%,28.66,29.02,0.0,0.0,0.0,,,,,2.5%,17.89%,71.25%,8.39%
Equity: Value
Aditya-Birla-Sun-Life-Pure-Value-Fund-Growth-Option,Equity: Value,Equity,05-03-2008,1.92%,15.64,31.74,26.53,13.63,18.68,5.88,1.03,17.19,1.24,33.6%,20.45%,39.46%,6.48%
HSBC-Value-Fund-Regular-Growth,Equity: Value,,20-01-2013,1.77%,15.98,29.46,26.72,17.83,20.43,7.47,0.91,14.4,1.47,34.13%,21.63%,41.84%,2.4%
Axis-Value-Fund-Regular-Plan-Growth,Equity: Value,,15-09-2021,2.45%,13.2,24.59,0.0,0.0,0.0,,,,,22.81%,11.75%,54.55%,10.9%
Quant-Value-Fund-Growth-Option-Regular-Plan,Equity: Value,,30-11-2021,2.29%,17.69,23.98,0.0,0.0,0.0,,,,,55.61%,1.15%,9.96%,33.32%
Nippon-India-Value-Fund-Growth-Plan,Equity: Value,Equity,01-06-2005,1.9%,16.2,23.46,26.05,18.09,17.98,6.5,0.98,15.06,1.41,20.66%,22.18%,53.48%,3.68%
ITI-Value-Fund-Regular-Plan-Growth-Option,Equity: Value,,14-06-2021,2.35%,10.29,22.19,0.0,0.0,0.0,,,,,29.27%,16.59%,51.6%,2.54%
BANDHAN-Sterling-Value-Fund-Regular-Plan-Growth,Equity: Value,Equity,07-03-2008,1.8%,16.67,22.02,31.66,17.69,18.17,12.2,0.92,16.11,1.61,19.96%,17.08%,57.73%,5.23%
ICICI-Prudential-Value-Discovery-Fund-Growth,Equity: Value,Equity,05-08-2004,1.64%,19.97,21.03,28.16,18.67,19.19,10.7,0.77,12.15,1.83,5.78%,8.88%,73.89%,11.49%
Templeton-India-Value-Fund-Growth-Plan,Equity: Value,Equity,05-09-2003,2.16%,17.58,19.29,30.65,17.64,16.31,11.07,1.02,16.82,1.56,21.17%,6.45%,55.39%,17.0%
Canara-Robeco-Value-Fund-Regular-Plan-Growth-Option,Equity: Value,,05-09-2021,2.22%,15.9,18.81,0.0,0.0,0.0,,,,,16.77%,13.05%,63.9%,6.28%
HDFC-Capital-Builder-Value-Fund-Growth-Plan,Equity: Value,Equity,01-02-1994,1.9%,14.48,15.76,21.05,13.6,15.9,3.06,0.94,14.11,1.21,12.08%,14.08%,73.08%,0.76%
UTI-Value-Fund-Regular-Plan-Growth-Option,Equity: Value,Equity,20-07-2005,1.84%,14.49,14.98,19.36,16.03,13.97,2.52,0.91,13.7,1.17,15.45%,15.48%,67.64%,1.45%
LIC-MF-Long-Term-Value-Fund-Regular-Plan-Growth,Equity: Value,,13-08-2018,2.51%,12.55,12.38,19.07,13.04,0.0,1.46,0.91,14.07,1.08,10.73%,19.39%,65.52%,4.38%
Baroda-BNP-Paribas-Value-Fund-Regular-Plan-Growth-option,Equity: Value,,07-06-2023,2.02%,10.07,0.0,0.0,0.0,0.0,,,,,15.23%,18.06%,55.29%,11.42%
Hybrid: Aggressive
ICICI-Prudential-Equity-Debt-Fund-Growth,Hybrid: Aggressive,Mixed Asset,05-11-1999,1.68%,14.98,18.57,28.2,17.55,17.21,12.39,0.89,12.89,1.78,3.51%,3.25%,59.02%,34.19%
Edelweiss-Aggressive-Hybrid-Fund-Plan-B-Growth-Option,Hybrid: Aggressive,Mixed Asset,16-06-2009,2.31%,11.36,17.05,19.27,14.82,13.91,5.59,0.79,10.37,1.44,5.08%,12.29%,50.07%,32.53%
Edelweiss-Aggressive-Hybrid-Fund-Regular-Plan-Growth-Option,Hybrid: Aggressive,Mixed Asset,12-08-2009,2.17%,11.59,16.87,19.16,14.76,13.86,5.5,0.79,10.38,1.43,5.08%,12.29%,50.07%,32.53%
UTI-Aggressive-Hybrid-Fund-Regular-Plan-Growth,Hybrid: Aggressive,Mixed Asset,20-03-1995,1.93%,12.67,16.54,19.88,13.54,13.23,6.17,0.82,10.91,1.46,7.15%,15.31%,46.56%,30.98%
HSBC-Aggressive-Hybrid-Fund-Regular-Growth,Hybrid: Aggressive,,30-01-2013,1.89%,11.98,15.58,13.61,10.95,13.65,0.05,0.79,10.85,0.87,18.09%,18.98%,39.18%,23.75%
Nippon-India-Equity-Hybrid-Fund-Growth-Plan,Hybrid: Aggressive,Mixed Asset,05-06-2005,2.03%,12.02,14.83,18.96,9.08,12.57,5.35,0.83,11.0,1.39,5.78%,5.15%,59.2%,29.87%
Invesco-India-Equity-Bond-Fund-Regular-Plan-Growth,Hybrid: Aggressive,Mixed Asset,05-06-2018,2.41%,9.94,14.44,13.42,11.09,0.0,0.37,0.69,9.58,0.9,9.96%,13.8%,45.52%,30.72%
Mahindra-Manulife-Aggressive-Hybrid-Fund-Regular-Plan-Growth,Hybrid: Aggressive,Mixed Asset,19-07-2019,2.24%,17.46,13.83,19.05,0.0,0.0,4.27,0.88,11.46,1.28,15.3%,12.64%,45.96%,26.1%
Baroda-BNP-Paribas-Aggressive-Hybrid-Fund-REGULAT-PLAN-GROWTH-OPTION,Hybrid: Aggressive,,05-04-2017,2.23%,12.32,13.11,0.0,0.0,0.0,2.52,0.79,10.53,1.13,9.49%,6.39%,50.56%,33.61%
Franklin-India-Equity-Hybrid-Fund-Growth-Plan,Hybrid: Aggressive,Mixed Asset,10-12-1999,2.17%,13.53,13.06,16.09,12.96,14.04,3.28,0.81,10.95,1.19,10.11%,4.47%,50.77%,34.66%
Kotak-Equity-Hybrid-Growth,Hybrid: Aggressive,Mixed Asset,25-11-1999,1.84%,11.48,12.89,17.92,15.6,0.0,-0.14,1.14,10.86,0.47,8.72%,19.64%,40.59%,31.05%
Aditya-Birla-Sun-Life-Equity-Hybrid-95-Fund-Regular-Plan-Growth,Hybrid: Aggressive,Mixed Asset,10-02-1995,1.85%,18.05,11.97,14.27,10.5,12.92,1.17,0.81,11.02,0.99,6.95%,14.75%,50.53%,27.69%
BANDHAN-Hybrid-Equity-Fund-Regular-Plan-Growth,Hybrid: Aggressive,Mixed Asset,05-12-2016,2.41%,10.13,11.94,16.21,12.09,0.0,2.33,0.81,10.92,1.09,9.89%,7.01%,51.78%,31.32%
Canara-Robeco-Equity-Hybrid-Fund-Regular-Plan-Growth-Option,Hybrid: Aggressive,Mixed Asset,01-02-1993,1.75%,12.42,11.11,13.95,13.59,14.74,0.58,0.79,10.18,0.98,5.0%,13.68%,52.18%,29.14%
Mirae-Asset-Hybrid-Equity-Fund-Regular-Plan-Growth,Hybrid: Aggressive,Mixed Asset,05-07-2015,1.75%,11.73,10.99,14.26,12.71,0.0,1.42,0.81,10.43,1.06,8.31%,8.45%,54.74%,28.48%
Motilal-Oswal-Equity-Hybrid-Fund-MOFEH-Regular-Plan-Growth-Option,Hybrid: Aggressive,Mixed Asset,05-09-2018,2.42%,11.52,10.69,11.2,12.23,0.0,-1.23,0.76,9.99,0.78,17.94%,26.43%,31.19%,24.45%
LIC-MF-Aggressive-Hybrid-Fund-Regular-Plan-Growth,Hybrid: Aggressive,Mixed Asset,31-03-1991,2.46%,8.96,10.65,10.38,10.12,9.34,-1.83,0.78,10.06,0.74,15.02%,8.85%,51.39%,24.72%
HDFC-Hybrid-Equity-Fund-Growth-Plan,Hybrid: Aggressive,Mixed Asset,01-04-2005,1.71%,15.3,10.43,17.28,13.36,15.31,4.35,0.86,11.39,1.28,10.23%,5.32%,48.73%,35.72%
SBI-Equity-Hybrid-Fund-Regular-Plan-Growth,Hybrid: Aggressive,Mixed Asset,01-12-1995,1.45%,13.87,9.61,14.46,12.83,14.48,1.32,0.82,10.71,1.03,1.5%,17.46%,57.75%,23.29%
Axis-Equity-Hybrid-Fund-Regular-Plan-Growth-Option,Hybrid: Aggressive,Mixed Asset,05-08-2018,2.1%,9.56,5.54,10.26,11.0,0.0,-3.3,0.9,11.97,0.62,8.77%,8.46%,51.85%,30.98%
Quant-Absolute-Fund-Growth-Option-Regular-Plan,Hybrid: Aggressive,Mixed Asset,21-03-2001,2.1%,16.63,4.47,24.55,20.37,18.5,9.62,0.76,13.21,1.41,6.94%,5.78%,41.62%,45.65%
Hybrid: Arbitrage
Kotak-Equity-Arbitrage-Fund-Growth,Hybrid: Arbitrage,Mixed Asset,29-09-2005,1.02%,6.86,7.48,5.14,5.21,6.2,1.82,0.81,0.66,0.63,2.46%,15.02%,42.34%,19.14%
Invesco-India-Arbitrage-Fund-Growth-Option,Hybrid: Arbitrage,Mixed Asset,30-04-2007,1.05%,6.51,7.43,5.15,5.15,6.0,1.83,0.81,0.67,0.64,2.87%,11.05%,28.05%,35.01%
BARODA-BNP-PARIBAS-ARBITRAGE-FUND-REGULAR-PLAN-GROWTH-OPTION,Hybrid: Arbitrage,,05-12-2016,1.07%,5.65,7.26,0.0,0.0,0.0,1.5,0.87,0.65,-0.02,12.74%,15.43%,27.31%,44.52%
HDFC-Arbitrage-Fund-Wholesale-Growth-Option,Hybrid: Arbitrage,Mixed Asset,10-10-2007,0.96%,6.44,7.25,4.84,4.88,5.82,1.6,0.85,0.66,0.2,3.15%,9.26%,42.61%,25.0%
Edelweiss-Arbitrage-Fund-Regular-Plan-Growth-Option,Hybrid: Arbitrage,Mixed Asset,05-06-2014,1.08%,5.99,7.22,4.98,5.16,0.0,1.69,0.83,0.64,0.4,3.95%,17.03%,33.68%,35.69%
UTI-Arbitrage-Fund-Regular-Plan-Growth-Option,Hybrid: Arbitrage,Mixed Asset,22-06-2006,0.92%,6.75,7.21,4.88,5.08,5.99,1.52,0.79,0.65,0.24,7.3%,18.0%,40.64%,34.07%
ICICI-Prudential-Equity-Arbitrage-Fund-Growth,Hybrid: Arbitrage,Mixed Asset,30-12-2006,0.99%,6.84,7.2,4.91,5.03,6.04,1.67,0.85,0.64,0.32,2.23%,10.67%,43.21%,27.64%
BANDHAN-Arbitrage-Fund-Regular-Plan-Growth,Hybrid: Arbitrage,Mixed Asset,21-12-2006,1.05%,6.49,7.19,4.78,4.9,5.92,1.64,0.91,0.64,0.09,,,,
Aditya-Birla-Sun-Life-Arbitrage-Fund-Regular-Plan-Growth,Hybrid: Arbitrage,Mixed Asset,24-07-2009,1.04%,6.21,7.18,4.88,5.02,5.93,1.56,0.81,0.64,0.24,3.17%,16.73%,40.94%,14.56%
HSBC-Arbitrage-Fund-Regular-Growth,Hybrid: Arbitrage,,30-06-2014,0.94%,5.81,7.1,4.74,5.02,0.0,1.53,0.87,0.64,0.05,12.28%,19.56%,38.81%,29.35%
Nippon-India-Arbitrage-Fund-Growth-Plan-Growth-Option,Hybrid: Arbitrage,Mixed Asset,05-10-2010,1.08%,6.82,7.08,4.86,5.05,6.03,1.57,0.82,0.61,0.25,1.7%,10.48%,31.95%,-40.33%
Mirae-Asset-Arbitrage-Fund-Regular-Growth,Hybrid: Arbitrage,Mixed Asset,05-06-2020,0.97%,4.55,7.08,4.74,0.0,0.0,1.63,0.92,0.66,0.06,6.28%,22.38%,50.25%,21.13%
Axis-Arbitrage-Fund-Regular-Plan-Growth,Hybrid: Arbitrage,Mixed Asset,05-08-2014,1.05%,5.67,6.96,4.84,4.93,0.0,1.36,0.72,0.62,0.2,5.77%,10.25%,39.08%,20.87%
LIC-MF-Arbitrage-Fund-Regular-Plan-Growth,Hybrid: Arbitrage,Mixed Asset,07-01-2019,0.97%,4.56,6.8,4.53,0.0,0.0,1.25,0.83,0.67,-0.28,4.92%,10.47%,50.91%,33.65%
HDFC-Arbitrage-Fund-Retail-Growth-Option,Hybrid: Arbitrage,Mixed Asset,05-10-2007,1.06%,6.25,6.78,4.62,4.7,5.65,1.16,0.72,0.65,-0.12,3.15%,9.26%,42.61%,25.0%
ITI-Arbitrage-Fund-Regular-Plan-Growth-Option,Hybrid: Arbitrage,Mixed Asset,09-09-2019,0.95%,3.55,6.02,3.53,0.0,0.0,0.25,0.8,0.72,-1.58,9.13%,11.0%,51.11%,28.76%
Mahindra-Manulife-Arbitrage-Fund-Regular-Plan-Growth,Hybrid: Arbitrage,Mixed Asset,05-08-2020,1.16%,3.7,5.75,3.77,0.0,0.0,0.18,0.62,0.6,-1.46,,9.99%,59.19%,30.82%
Hybrid: Conservative
HDFC-Hybrid-Debt-Fund-Growth-Plan,Hybrid: Conservative,Mixed Asset,01-12-2003,1.8%,10.21,10.68,11.2,9.63,10.12,3.51,0.71,4.48,1.51,1.79%,3.27%,16.61%,78.33%
SBI-Conservative-Hybrid-Fund-Regular-Plan-Growth,Hybrid: Conservative,Mixed Asset,25-03-2001,1.12%,8.34,10.56,10.81,10.37,9.8,3.93,0.55,3.79,1.7,8.6%,7.51%,7.38%,76.51%
Kotak-Debt-Hybrid-Growth,Hybrid: Conservative,Mixed Asset,02-12-2003,1.76%,8.26,9.73,10.44,10.71,10.16,2.42,0.68,4.4,1.26,4.39%,5.03%,14.1%,76.48%
ICICI-Prudential-Regular-Savings-Fund-Plan-Growth,Hybrid: Conservative,Mixed Asset,10-03-2004,1.72%,9.83,8.78,8.61,9.23,10.36,1.64,0.54,3.27,1.26,4.29%,3.19%,14.94%,77.61%
HSBC-Conservative-Hybrid-Fund-Regular-Growth,Hybrid: Conservative,Mixed Asset,24-02-2004,2.16%,8.57,8.65,6.75,7.74,8.25,-0.82,0.67,4.13,0.54,5.22%,5.43%,12.31%,77.05%
Nippon-India-Hybrid-Bond-Fund-Growth-Plan,Hybrid: Conservative,Mixed Asset,29-12-2003,1.94%,8.42,8.6,8.32,3.52,6.91,2.16,0.35,2.29,1.65,,,11.7%,88.3%
UTI-Conservative-Hybrid-Fund-Regular-Plan-Growth-Option,Hybrid: Conservative,Mixed Asset,16-12-2003,1.8%,9.21,8.55,9.38,7.85,9.26,1.8,0.74,4.8,1.08,3.81%,3.79%,16.69%,75.74%
Franklin-India-Debt-Hybrid-Fund-Growth,Hybrid: Conservative,Mixed Asset,28-09-2000,1.4%,9.17,7.98,7.33,7.45,8.51,0.42,0.58,3.59,0.86,3.64%,1.65%,18.37%,76.33%
BARODA-BNP-PARIBAS-Conservative-Hybrid-Fund-Regular-Plan-Growth-Option,Hybrid: Conservative,,01-01-2013,2.09%,6.51,7.92,0.0,0.0,0.0,-0.74,0.58,3.51,0.55,2.63%,3.31%,14.68%,79.38%
Canara-Robeco-Conservative-Hybrid-Fund-Regular-Plan-Growth-Option,Hybrid: Conservative,Mixed Asset,24-04-1988,1.81%,10.06,7.01,7.34,9.09,8.91,0.2,0.57,3.47,0.81,3.47%,3.73%,15.68%,77.12%
Aditya-Birla-Sun-Life-Regular-Savings-Fund-Growth-Payment-Regular-Plan,Hybrid: Conservative,Mixed Asset,22-05-2004,1.9%,9.27,6.93,10.23,8.4,10.06,2.93,0.66,4.56,1.3,2.96%,4.05%,14.14%,78.88%
BANDHAN-Regular-Savings-Fund-Regular-Plan-Growth,Hybrid: Conservative,Mixed Asset,05-02-2010,2.06%,7.7,6.36,4.94,6.16,7.77,-2.12,0.56,3.41,0.13,,0.57%,6.47%,92.96%
Axis-Regular-Saver-Fund-Regular-Plan-Growth-Option,Hybrid: Conservative,Mixed Asset,16-07-2010,2.17%,7.44,5.69,6.57,6.83,7.96,-0.8,0.7,4.33,0.56,2.06%,3.57%,17.19%,77.14%
ITI-Conservative-Hybrid-Fund-Regular-Plan-Growth,Hybrid: Conservative,,11-03-2022,1.6%,5.02,5.48,0.0,0.0,0.0,,,,,,,21.44%,78.56%
LIC-MF-Conservative-Hybrid-Fund-Regular-Plan-Growth,Hybrid: Conservative,Mixed Asset,01-06-1998,2.25%,8.04,4.2,5.09,6.55,6.62,-1.9,0.56,3.59,0.18,,,19.99%,80.03%
Hybrid: Dynamic Asset Allocation
HDFC-Balanced-Advantage-Fund-Growth-Plan,Hybrid: Dynamic Asset Allocation,Mixed Asset,01-02-1994,1.45%,18.19,22.09,25.89,16.15,16.53,11.01,0.89,13.17,1.64,0.35%,1.59%,1.94%,-0.07%
SBI-Balanced-Advantage-Fund-Regular-Plan-Growth,Hybrid: Dynamic Asset Allocation,,05-08-2021,1.64%,9.42,14.25,0.0,0.0,0.0,,,,,2.47%,8.7%,54.18%,34.61%
Baroda-BNP-Paribas-Balanced-Advantage-Fund-Regular-Plan-Growth-Option,Hybrid: Dynamic Asset Allocation,Mixed Asset,04-11-2018,1.92%,13.79,12.57,12.38,0.0,0.0,0.21,0.67,9.0,0.91,7.49%,13.06%,43.43%,35.93%
HSBC-Balanced-Advantage-Fund-Regular-Growth,Hybrid: Dynamic Asset Allocation,,01-01-2013,2.13%,10.37,12.36,8.6,8.69,11.25,-0.84,0.35,4.89,0.68,13.7%,12.15%,41.4%,32.75%
Franklin-India-Balanced-Advantage-Fund-Growth,Hybrid: Dynamic Asset Allocation,,06-09-2022,2.04%,12.3,12.35,0.0,0.0,0.0,,,,,10.07%,5.37%,48.79%,35.76%
Mirae-Asset-Balanced-Advantage-Fund-Regular-Plan-Growth,Hybrid: Dynamic Asset Allocation,,05-08-2022,2.16%,10.96,11.92,0.0,0.0,0.0,,,,,8.12%,7.2%,51.25%,33.47%
Invesco-India-Balanced-Advantage-Fund-Growth,Hybrid: Dynamic Asset Allocation,Mixed Asset,04-10-2007,2.31%,9.46,11.84,10.81,9.6,10.84,0.15,0.52,7.24,0.88,5.22%,7.48%,49.61%,37.69%
ICICI-Prudential-Balanced-Advantage-Fund-Growth,Hybrid: Dynamic Asset Allocation,Mixed Asset,01-12-2006,1.52%,11.05,11.54,12.97,11.78,12.35,3.87,0.44,5.93,1.54,1.29%,6.12%,58.99%,33.59%
Mahindra-Manulife-Balanced-Advantage-Fund-Regular-Plan-Growth,Hybrid: Dynamic Asset Allocation,,30-12-2021,2.34%,7.83,11.4,0.0,0.0,0.0,,,,,11.62%,18.65%,40.59%,29.14%
Kotak-Balanced-Advantage-Fund-Regular-Plan-Growth-Option,Hybrid: Dynamic Asset Allocation,Mixed Asset,05-07-2018,1.67%,10.02,11.06,10.63,10.92,0.0,0.84,0.44,5.72,1.06,2.04%,6.34%,41.82%,37.6%
Axis-Balanced-Advantage-Fund-Regular-Plan-Growth,Hybrid: Dynamic Asset Allocation,Mixed Asset,07-08-2017,2.07%,7.7,10.54,10.15,8.75,0.0,-0.79,0.55,7.52,0.77,5.37%,7.03%,55.32%,32.28%
Edelweiss-Balanced-Advantage-Fund-Regular-Plan-Growth-Option,Hybrid: Dynamic Asset Allocation,Mixed Asset,20-08-2009,1.72%,10.36,10.49,12.85,12.6,11.73,1.25,0.64,8.22,1.08,4.25%,13.22%,54.06%,28.46%
Aditya-Birla-Sun-Life-Balanced-Advantage-Fund-Regular-Plan-Growth-Option,Hybrid: Dynamic Asset Allocation,Mixed Asset,25-04-2000,1.78%,9.43,10.13,11.36,10.46,11.61,1.16,0.6,8.25,1.01,3.38%,8.62%,50.2%,33.07%
BANDHAN-Balanced-Advantage-Fund-Regular-Plan-Growth,Hybrid: Dynamic Asset Allocation,Mixed Asset,05-10-2014,1.94%,7.86,9.91,9.32,9.34,0.0,-1.12,0.48,7.04,0.65,3.48%,4.69%,61.04%,30.79%
ITI-Balanced-Advantage-Fund-Regular-Plan-Growth-Option,Hybrid: Dynamic Asset Allocation,Mixed Asset,31-12-2019,2.36%,4.22,9.91,10.29,0.0,0.0,0.01,0.45,7.21,0.74,5.11%,1.27%,56.98%,36.64%
Nippon-India-Balanced-Advantage-Fund-Growth-Plan-Growth-Option,Hybrid: Dynamic Asset Allocation,Mixed Asset,05-11-2004,1.78%,14.9,9.75,12.4,10.36,12.31,1.99,0.54,7.2,1.17,2.27%,10.87%,52.52%,34.36%
LIC-MF-Balanced-Advantage-Fund-Regular-Plan-Growth,Hybrid: Dynamic Asset Allocation,,12-11-2021,2.15%,5.95,7.2,0.0,0.0,0.0,,,,,1.04%,3.72%,61.12%,34.12%
UTI-Unit-Linked-Insurance-Plan,Hybrid: Dynamic Asset Allocation,Mixed Asset,01-10-1971,1.62%,9.59,7.17,8.34,7.18,9.02,-1.28,0.47,6.63,0.66,4.11%,9.7%,24.16%,62.03%
WhiteOak-Capital-Balanced-Advantage-Fund-Regular-Plan-Growth,Hybrid: Dynamic Asset Allocation,,10-02-2023,2.31%,12.28,0.0,0.0,0.0,0.0,,,,,7.48%,7.19%,51.28%,34.06%
quant-Dynamic-Asset-Allocation-Fund-Growth-Option-Regular-Plan,Hybrid: Dynamic Asset Allocation,,12-04-2023,2.39%,20.09,0.0,0.0,0.0,0.0,,,,,12.88%,2.35%,23.66%,61.1%
UTI-Balanced-Advantage-Fund-Regular-Plan-Growth-Option,Hybrid: Dynamic Asset Allocation,,10-08-2023,-,2.99,0.0,0.0,0.0,0.0,,,,,1.45%,5.93%,58.08%,34.61%
WhiteOak-Capital-Balanced-Hybrid-Fund-Regular-Plan-Growth,Hybrid: Dynamic Asset Allocation,,27-10-2023,-,2.39,0.0,0.0,0.0,0.0,-,-,-,-,7.13%,6.42%,33.61%,52.84%
Hybrid: Equity Savings
SBI-Equity-Savings-Fund-Regular-Plan-Growth,Hybrid: Equity Savings,Mixed Asset,01-05-2015,1.14%,8.74,14.75,11.42,10.27,0.0,3.43,0.86,5.76,1.28,13.42%,17.02%,34.42%,35.12%
HSBC-Equity-Savings-Fund-Regular-Growth,Hybrid: Equity Savings,,01-01-2013,1.5%,8.47,14.01,12.06,9.29,9.1,3.92,0.78,5.41,1.38,17.99%,21.11%,28.68%,32.22%
Invesco-India-Equity-Savings-Fund-Regular-Plan-Growth,Hybrid: Equity Savings,Mixed Asset,05-02-2019,2.29%,7.23,11.54,7.43,0.0,0.0,-0.61,0.74,4.91,0.56,8.47%,9.47%,46.63%,35.43%
Kotak-Equity-Savings-Fund-Regular-Growth,Hybrid: Equity Savings,Mixed Asset,11-10-2014,1.94%,8.84,11.38,10.53,9.61,0.0,3.08,0.63,4.01,1.49,4.9%,10.14%,51.06%,33.94%
UTI-Equity-Savings-Fund-Regular-Plan-Growth-Option,Hybrid: Equity Savings,Mixed Asset,30-08-2018,1.5%,8.65,11.28,11.75,9.31,0.0,3.68,0.88,5.4,1.43,,0.69%,64.33%,34.98%
Edelweiss-Equity-Savings-Fund-Regular-Plan-Growth-Option,Hybrid: Equity Savings,Mixed Asset,05-10-2014,1.54%,8.36,10.04,9.51,9.19,0.0,1.78,0.71,4.49,1.12,4.81%,11.55%,47.91%,35.73%
Nippon-India-Equity-Savings-Fund-Growth-Plan-Growth-Option,Hybrid: Equity Savings,Mixed Asset,05-05-2015,1.66%,3.94,9.58,9.23,2.24,0.0,2.0,0.78,5.35,1.04,,5.64%,64.04%,30.31%
Mahindra-Manulife-Equity-Savings-Fund-Regular-Plan-Growth,Hybrid: Equity Savings,Mixed Asset,05-02-2017,2.39%,8.52,9.55,11.27,10.4,0.0,2.33,1.08,6.87,1.06,8.47%,4.83%,51.19%,35.51%
HDFC-Equity-Savings-Fund-GROWTH-PLAN,Hybrid: Equity Savings,Mixed Asset,05-09-2004,2.0%,9.32,9.42,12.52,9.33,9.68,4.03,0.97,6.46,1.31,3.59%,4.85%,57.8%,33.78%
Mirae-Asset-Equity-Savings-Fund-Regular-Plan-Growth,Hybrid: Equity Savings,Mixed Asset,15-12-2018,1.36%,10.71,9.42,10.7,0.0,0.0,2.42,0.94,5.87,1.15,7.31%,9.78%,49.93%,32.96%
ICICI-Prudential-Equity-Savings-Fund-Cumulative-option,Hybrid: Equity Savings,Mixed Asset,05-12-2014,0.99%,7.79,9.11,9.59,8.13,0.0,3.61,0.4,3.34,1.63,0.12%,0.7%,63.4%,35.82%
Baroda-BNP-Paribas-Equity-Savings-Fund-Regular-Plan-Growth,Hybrid: Equity Savings,Mixed Asset,10-07-2019,2.5%,7.88,8.85,6.81,0.0,0.0,-1.11,0.65,4.08,0.45,5.36%,2.86%,58.46%,33.35%
Aditya-Birla-Sun-Life-Equity-Savings-Fund-Regular-Plan-Growth,Hybrid: Equity Savings,Mixed Asset,10-11-2014,1.1%,7.38,8.67,8.48,8.06,0.0,0.46,0.96,6.17,0.79,4.29%,15.58%,44.21%,35.99%
Axis-Equity-Saver-Fund-Regular-Plan-Growth,Hybrid: Equity Savings,Mixed Asset,05-08-2015,2.28%,7.74,8.61,8.94,8.71,0.0,0.08,1.08,6.58,0.76,6.41%,6.13%,53.32%,34.14%
Franklin-India-Equity-Savings-Fund-Growth,Hybrid: Equity Savings,Mixed Asset,01-08-2018,1.12%,6.97,7.27,9.54,7.6,0.0,2.08,0.83,5.56,1.06,4.09%,4.16%,57.36%,34.42%
BANDHAN-Equity-Savings-Fund-Regular-Plan-Growth,Hybrid: Equity Savings,Mixed Asset,09-06-2008,1.37%,6.71,7.19,7.58,7.01,6.53,0.92,0.54,3.38,1.01,0.29%,6.69%,63.53%,29.49%
LIC-MF-Equity-Savings-Fund-Regular-Plan-Growth,Hybrid: Equity Savings,,01-01-2013,1.99%,6.76,6.75,8.04,7.61,6.93,-0.04,1.02,6.38,0.72,6.1%,6.95%,53.97%,32.97%
Hybrid: Multi Asset Allocation
UTI-Multi-Asset-Allocation-Fund-Regular-Plan-Growth-Option,Hybrid: Multi Asset Allocation,Mixed Asset,19-11-2008,1.86%,12.05,20.85,13.16,10.67,9.34,1.79,0.51,7.12,1.11,6.48%,12.1%,45.54%,35.88%
ICICI-Prudential-Multi-Asset-Fund-Growth,Hybrid: Multi Asset Allocation,Mixed Asset,31-10-2002,1.66%,21.07,18.48,26.64,16.95,15.9,12.39,0.77,11.28,1.91,2.41%,8.72%,54.16%,34.71%
SBI-Multi-Asset-Allocation-Fund-Regular-Plan-Growth,Hybrid: Multi Asset Allocation,Mixed Asset,21-12-2005,1.62%,8.81,16.36,12.99,12.19,10.72,3.29,0.43,6.74,1.24,14.84%,8.44%,14.04%,62.68%
Nippon-India-Multi-Asset-Fund-Regular-Plan-Growth-Option,Hybrid: Multi Asset Allocation,Mixed Asset,05-08-2020,1.73%,15.41,16.25,14.44,0.0,0.0,2.7,0.64,8.78,1.17,2.55%,13.81%,30.94%,52.69%
Quant-Multi-Asset-Fund-GROWTH-OPTION-Regular-Plan,Hybrid: Multi Asset Allocation,Mixed Asset,21-03-2001,2.01%,10.61,12.94,26.83,22.46,14.32,12.7,0.56,14.44,1.34,10.24%,,14.32%,75.43%
Motilal-Oswal-Multi-Asset-Fund-Regular-Plan-Growth-Option,Hybrid: Multi Asset Allocation,Mixed Asset,04-08-2020,2.02%,5.68,12.48,5.39,0.0,0.0,-0.86,0.21,4.81,0.34,21.18%,6.32%,14.64%,57.87%
HDFC-Multi-Asset-Fund-Growth-Option,Hybrid: Multi Asset Allocation,Mixed Asset,05-08-2005,2.09%,9.86,11.74,13.85,12.91,10.86,3.15,0.57,7.95,1.25,6.09%,3.77%,55.39%,34.75%
Axis-Multi-Asset-Allocation-Fund-Regular-Plan-Growth-Option,Hybrid: Multi Asset Allocation,Mixed Asset,01-08-2010,2.06%,8.95,4.87,9.5,11.43,9.43,-3.36,0.86,11.44,0.61,7.12%,8.56%,52.96%,31.38%
Baroda-BNP-Paribas-Multi-Asset-Fund-Regular-Plan-Growth-Option,Hybrid: Multi Asset Allocation,,19-12-2022,2.07%,12.69,0.0,0.0,0.0,0.0,,,,,5.38%,7.1%,55.01%,32.49%
Aditya-Birla-Sun-Life-Multi-Asset-Allocation-Fund-Regular-Growth,Hybrid: Multi Asset Allocation,,31-01-2023,1.92%,12.19,0.0,0.0,0.0,0.0,,,,,10.0%,13.71%,39.16%,37.14%
WhiteOak-Capital-Multi-Asset-Allocation-Fund-Regular-Plan-Growth,Hybrid: Multi Asset Allocation,,12-05-2023,1.64%,5.72,0.0,0.0,0.0,0.0,,,,,3.97%,4.17%,28.42%,63.47%
Edelweiss-Multi-Asset-Allocation-Fund-Regular-Plan-Growth,Hybrid: Multi Asset Allocation,,23-06-2023,0.69%,2.39,0.0,0.0,0.0,0.0,,,,,0.46%,9.78%,25.09%,64.66%
Kotak-Multi-Asset-Allocation-Fund-Regular-Plan-Growth-Option,Hybrid: Multi Asset Allocation,,22-09-2023,1.85%,2.0,0.0,0.0,0.0,0.0,-,-,-,-,5.47%,11.37%,48.98%,34.18%
